id,first_name,last_name,email,gender,contactNo,country,dob
1,Stacey,Pogosian,spogosian0@ihg.com,Polygender,954-148-5634,Macedonia,2/14/2017
2,Valentina,Stronge,vstronge1@icq.com,Female,316-614-9990,Colombia,4/27/2020
3,Sim,Imbrey,simbrey2@xing.com,Male,548-154-9869,Brazil,4/11/2021
4,Erhard,Killoran,ekilloran3@amazon.de,Male,618-548-1020,Cuba,4/20/1949
5,Augy,Mignot,amignot4@gravatar.com,Male,852-753-5305,China,7/19/1998
6,Mara,Shrubsall,mshrubsall5@freewebs.com,Female,393-851-6252,France,8/22/1994
7,Cherin,Habin,chabin6@ucoz.com,Female,788-238-7323,Netherlands,10/27/1915
8,Rurik,Orys,rorys7@list-manage.com,Genderqueer,510-768-2114,Chile,3/29/1983
9,Biron,Brigman,bbrigman8@ox.ac.uk,Male,429-896-2932,Canada,9/29/1907
10,Antone,Rubinovitsch,arubinovitsch9@furl.net,Male,493-864-7350,China,8/31/1975
11,Morse,McArt,mmcarta@yahoo.com,Polygender,263-639-4882,Portugal,2/22/2015
12,Tybalt,Ettery,tetteryb@merriam-webster.com,Male,219-783-6268,Philippines,1/26/2002
13,Sydel,Pitkethly,spitkethlyc@studiopress.com,Female,483-614-0965,Brazil,3/10/1972
14,Dave,Lory,dloryd@foxnews.com,Non-binary,168-858-3749,Honduras,3/11/1922
15,Sloane,Gripton,sgriptone@booking.com,Male,549-108-0553,Bolivia,10/15/1905
16,Gregor,McCoughan,gmccoughanf@oaic.gov.au,Male,753-808-0354,Poland,2/24/1988
17,Norrie,Gentle,ngentleg@shop-pro.jp,Female,115-258-9622,Brazil,5/7/1938
18,Matthaeus,Chesnay,mchesnayh@fda.gov,Male,725-315-0998,China,2/8/1922
19,Dana,Medlen,dmedleni@usgs.gov,Male,250-409-5829,Indonesia,3/28/2005
20,Sherri,Buckhurst,sbuckhurstj@blogs.com,Female,403-475-2568,Mali,9/4/1931
21,Cassey,Sterndale,csterndalek@issuu.com,Female,677-136-8879,China,10/9/1934
22,Hilliard,Kerswill,hkerswilll@unicef.org,Male,623-615-5686,Jordan,11/20/2005
23,Gena,Keasley,gkeasleym@freewebs.com,Female,801-568-3044,China,1/1/1987
24,Parrnell,Pietraszek,ppietraszekn@tuttocitta.it,Male,775-931-0256,United States,6/15/1917
25,Erin,Hulke,ehulkeo@rediff.com,Male,990-725-9749,Sri Lanka,6/5/1940
26,Brana,Chesworth,bchesworthp@examiner.com,Female,386-587-6423,Brazil,4/15/1980
27,Burton,Bewick,bbewickq@simplemachines.org,Male,920-362-9422,Thailand,1/14/1909
28,Cristine,Chidgey,cchidgeyr@elegantthemes.com,Female,527-633-1977,Uzbekistan,1/31/1946
29,Inglis,Ciobutaru,iciobutarus@lycos.com,Male,467-771-8975,China,3/4/1983
30,Kelsey,Sprules,ksprulest@sphinn.com,Polygender,676-749-7165,Portugal,6/13/1910
31,Annabelle,Bound,aboundu@blogger.com,Female,666-738-0907,Indonesia,9/19/2021
32,Adolphus,Wanek,awanekv@who.int,Male,151-959-9725,Norway,9/3/1936
33,Roth,Emmatt,remmattw@jiathis.com,Male,759-359-5902,Poland,5/7/1917
34,Emilee,Bramelt,ebrameltx@wordpress.com,Female,123-353-4492,China,8/1/1936
35,Kip,Palfreeman,kpalfreemany@sourceforge.net,Male,466-977-3589,Tanzania,9/15/1978
36,Maurita,Milverton,mmilvertonz@joomla.org,Female,946-684-5654,Ireland,1/4/1944
37,Philipa,Cookson,pcookson10@cnbc.com,Female,323-937-3579,Chad,3/12/1920
38,Nigel,Celand,nceland11@digg.com,Male,873-306-1965,Poland,4/13/1938
39,Frederich,Jedrzejewsky,fjedrzejewsky12@symantec.com,Male,515-935-5841,France,8/13/2003
40,Margaretha,Kells,mkells13@netscape.com,Female,848-322-3551,China,5/6/1960
41,Bonita,Destouche,bdestouche14@edublogs.org,Female,323-345-5219,China,9/16/2003
42,Harman,Raft,hraft15@cargocollective.com,Male,864-137-8915,Russia,5/9/1977
43,Faulkner,Pennycook,fpennycook16@craigslist.org,Male,864-441-1783,Ethiopia,6/10/1959
44,Isidora,Shingler,ishingler17@printfriendly.com,Female,648-253-3020,Ireland,1/28/1931
45,Rollo,Rojas,rrojas18@unc.edu,Male,619-613-4124,Russia,9/10/1986
46,Donnell,Guarin,dguarin19@hc360.com,Male,595-899-9691,Indonesia,4/6/1985
47,Car,Archibould,carchibould1a@gnu.org,Male,540-575-0579,Philippines,6/26/2009
48,Sean,Gennings,sgennings1b@chronoengine.com,Polygender,809-236-3265,Georgia,6/2/1938
49,Camila,Giacobbo,cgiacobbo1c@dmoz.org,Female,273-721-7345,Indonesia,9/25/1941
50,Berrie,Yushachkov,byushachkov1d@wikia.com,Non-binary,834-627-7940,Guinea,8/10/1983
51,Janela,Mulran,jmulran1e@bandcamp.com,Female,708-572-9660,Argentina,12/16/1939
52,Jena,Broadist,jbroadist1f@twitpic.com,Female,282-600-4844,Uganda,4/28/1914
53,Rea,Rollo,rrollo1g@ebay.co.uk,Genderqueer,447-974-4835,Colombia,10/25/1990
54,Del,Faire,dfaire1h@washington.edu,Male,151-824-1493,Palestinian Territory,12/16/1956
55,Aggy,Sallows,asallows1i@theatlantic.com,Female,458-942-6052,Belarus,4/25/1952
56,Yoshiko,Bollin,ybollin1j@baidu.com,Female,767-923-4571,Kosovo,3/26/1926
57,Jillayne,Dottrell,jdottrell1k@blogger.com,Female,561-256-7417,Canada,5/9/1920
58,Florrie,Heymes,fheymes1l@oaic.gov.au,Female,913-214-7340,Poland,6/12/1954
59,Adelaide,Crowdy,acrowdy1m@ocn.ne.jp,Genderqueer,500-326-4571,Russia,9/4/2012
60,Zilvia,Grzeskowski,zgrzeskowski1n@digg.com,Female,276-820-5993,China,1/10/2004
61,Zak,Lankham,zlankham1o@wired.com,Male,422-374-9449,South Korea,8/3/1990
62,Schuyler,Juliano,sjuliano1p@jigsy.com,Male,173-895-9455,Indonesia,6/9/1965
63,Alyss,Leggott,aleggott1q@jalbum.net,Female,509-941-1658,China,3/22/2023
64,Nikolos,Duesbury,nduesbury1r@loc.gov,Male,308-278-2906,China,4/1/1984
65,Ashleigh,Barthod,abarthod1s@cbc.ca,Female,807-348-5589,China,1/19/1913
66,Kaja,Loudon,kloudon1t@japanpost.jp,Female,721-219-6442,China,5/24/1975
67,Candida,Bannerman,cbannerman1u@pen.io,Female,134-949-1411,Czech Republic,4/19/1994
68,Pavel,Kerwin,pkerwin1v@moonfruit.com,Male,932-977-9964,Serbia,6/15/1975
69,Josefa,Magenny,jmagenny1w@topsy.com,Female,231-330-1755,Morocco,12/5/1976
70,Si,Middleweek,smiddleweek1x@cornell.edu,Male,434-145-4893,Portugal,2/27/1953
71,Alan,Patty,apatty1y@ibm.com,Male,908-806-5918,Greece,12/9/1947
72,Loni,O Mullen,lomullen1z@comsenz.com,Female,612-705-4748,China,4/26/1956
73,Pietro,Please,pplease20@fastcompany.com,Male,792-229-8171,Argentina,10/29/2014
74,Cherin,Gooderham,cgooderham21@google.it,Female,116-769-5397,Canada,9/6/1981
75,Franny,Rapier,frapier22@blogtalkradio.com,Male,505-680-9759,China,1/19/1958
76,Karlens,Jantot,kjantot23@cloudflare.com,Male,686-491-1483,Russia,10/28/1900
77,Regen,Dowzell,rdowzell24@stanford.edu,Male,393-115-9660,Brazil,5/30/1941
78,Zebedee,Newey,znewey25@constantcontact.com,Male,421-999-5382,Mexico,3/19/1950
79,Konstanze,Plows,kplows26@wufoo.com,Female,363-233-8970,Portugal,8/11/1925
80,Pavel,Stormonth,pstormonth27@vimeo.com,Male,806-914-3559,China,7/6/1991
81,Jessamyn,Keppy,jkeppy28@aol.com,Female,513-366-6249,Portugal,10/24/1946
82,Jayme,Slewcock,jslewcock29@disqus.com,Female,790-350-2191,China,8/10/1989
83,Urbain,Hosby,uhosby2a@msn.com,Male,362-867-8950,Russia,7/5/1953
84,Andreana,Boyall,aboyall2b@example.com,Female,250-494-7248,Thailand,12/18/1912
85,Alford,Abramovicz,aabramovicz2c@uiuc.edu,Male,396-337-4062,Thailand,4/21/1971
86,Monika,Robbie,mrobbie2d@alibaba.com,Agender,643-693-9381,Portugal,4/1/1925
87,Heather,Carlozzi,hcarlozzi2e@moonfruit.com,Female,164-541-6971,Portugal,9/29/1969
88,Pierson,Dahl,pdahl2f@friendfeed.com,Male,308-541-7206,Indonesia,8/26/1982
89,Filberto,Belcham,fbelcham2g@census.gov,Male,386-645-8671,Russia,7/3/1990
90,Rivkah,Hunnaball,rhunnaball2h@about.me,Female,940-192-8957,China,6/5/2000
91,Den,Martusov,dmartusov2i@infoseek.co.jp,Male,442-680-8908,Russia,1/8/1937
92,Gwenny,Bance,gbance2j@who.int,Female,650-633-1686,Jamaica,1/22/1997
93,Keriann,Elwel,kelwel2k@friendfeed.com,Female,842-578-2899,Indonesia,11/29/1929
94,Ivie,Padgham,ipadgham2l@msn.com,Female,897-858-3552,Philippines,11/24/1933
95,Lurleen,Pudsey,lpudsey2m@arstechnica.com,Female,717-671-3369,Indonesia,5/27/1929
96,Merle,Frankling,mfrankling2n@mediafire.com,Male,121-187-5205,Philippines,8/12/1975
97,Wendell,Shemmin,wshemmin2o@gizmodo.com,Male,337-190-3553,Argentina,5/29/1977
98,Taite,Rraundl,trraundl2p@mail.ru,Male,853-602-3195,Iran,10/8/1975
99,Shannon,Marran,smarran2q@apache.org,Female,416-838-5671,Cape Verde,2/5/1910
100,Torre,Daines,tdaines2r@wikispaces.com,Male,642-936-9050,Poland,1/13/1916
101,Nikolas,Margaritelli,nmargaritelli2s@jugem.jp,Male,258-949-8187,Indonesia,6/4/1929
102,Yelena,Cowthart,ycowthart2t@people.com.cn,Female,433-535-4452,China,6/14/1962
103,Gilburt,Chelsom,gchelsom2u@ted.com,Male,200-622-1368,Nigeria,9/9/1944
104,Thatcher,Chomicz,tchomicz2v@sfgate.com,Male,101-954-4450,Central African Republic,6/24/1978
105,Lotty,Dalrymple,ldalrymple2w@meetup.com,Female,779-825-5322,Ireland,3/22/2008
106,Yorgo,Guyot,yguyot2x@intel.com,Male,685-586-3066,Indonesia,1/23/1966
107,Noak,Fobidge,nfobidge2y@blinklist.com,Male,179-665-2431,Peru,12/10/1922
108,Myrilla,Treppas,mtreppas2z@hatena.ne.jp,Female,696-741-6336,China,5/1/2013
109,Bone,Musgrove,bmusgrove30@topsy.com,Male,795-252-9973,China,9/25/1900
110,Brunhilde,Stroulger,bstroulger31@epa.gov,Female,812-909-5684,China,11/12/1908
111,Lib,Gommes,lgommes32@intel.com,Female,238-445-1434,Bangladesh,2/13/1993
112,Judah,Hambrook,jhambrook33@163.com,Male,595-165-4606,Indonesia,9/28/1983
113,Fanchon,Robins,frobins34@loc.gov,Female,728-736-1299,Macedonia,2/13/1989
114,Brucie,Dunbabin,bdunbabin35@nps.gov,Male,512-858-5103,Djibouti,5/16/1915
115,Dorella,Speed,dspeed36@dell.com,Female,298-447-0217,North Korea,9/14/1915
116,Kriste,Wrathall,kwrathall37@twitpic.com,Female,833-264-4191,China,1/6/1974
117,Darrelle,Datte,ddatte38@ted.com,Female,214-489-7095,China,12/27/1933
118,Ware,Stockley,wstockley39@google.cn,Male,999-220-6374,Argentina,5/10/1956
119,Berky,Ludye,bludye3a@mtv.com,Male,717-491-1063,Philippines,7/28/1983
120,Cyndie,Heggison,cheggison3b@myspace.com,Female,261-381-9361,Sweden,6/16/1950
121,Gabi,Dean,gdean3c@indiatimes.com,Female,984-172-1576,China,8/27/1924
122,Bendick,Wilman,bwilman3d@plala.or.jp,Male,470-101-0189,South Korea,6/13/1921
123,Renault,Carthew,rcarthew3e@mail.ru,Male,257-813-2276,Thailand,11/14/1949
124,Husein,Rye,hrye3f@csmonitor.com,Male,979-820-9583,Chile,3/10/2005
125,Tanhya,Itzig,titzig3g@delicious.com,Female,997-149-5241,Serbia,6/23/1962
126,Welby,Matura,wmatura3h@fema.gov,Male,441-549-3318,China,6/4/1998
127,Babita,MacShirie,bmacshirie3i@youku.com,Female,518-472-1513,Belarus,3/4/1935
128,Helaine,Surgood,hsurgood3j@pbs.org,Female,673-523-3674,South Africa,6/2/1952
129,Kip,Eyckelberg,keyckelberg3k@sitemeter.com,Female,122-474-6853,China,11/10/2014
130,Maurits,Vaughn,mvaughn3l@myspace.com,Male,415-876-4733,United States,6/29/1980
131,Cosme,Louw,clouw3m@ft.com,Male,543-365-0700,Guatemala,10/6/1933
132,Vita,Moncur,vmoncur3n@tinyurl.com,Female,114-297-7702,Mongolia,6/26/2014
133,Peadar,Hamby,phamby3o@cloudflare.com,Genderfluid,602-567-0534,United States,4/28/1967
134,Hilario,Ordemann,hordemann3p@phoca.cz,Non-binary,240-689-4371,Argentina,5/2/1990
135,Lorrie,Izat,lizat3q@gravatar.com,Male,544-327-0352,Argentina,7/31/2011
136,Pearline,Lassey,plassey3r@i2i.jp,Female,658-970-8849,France,7/27/1948
137,Renato,Greger,rgreger3s@weibo.com,Male,786-960-4213,Ireland,8/20/1961
138,Thaxter,Sills,tsills3t@samsung.com,Male,505-675-1371,Syria,9/24/2016
139,Davin,Stovell,dstovell3u@alibaba.com,Male,267-274-4405,Philippines,4/12/1949
140,Thadeus,Mancell,tmancell3v@free.fr,Male,603-930-1351,Philippines,3/15/1902
141,Kally,Mayze,kmayze3w@google.ru,Female,220-867-8335,China,12/23/1920
142,Billi,Revans,brevans3x@edublogs.org,Female,447-327-7735,Azerbaijan,8/31/1993
143,Guss,Bannon,gbannon3y@squarespace.com,Male,105-332-5103,El Salvador,7/30/1978
144,Rurik,Monkeman,rmonkeman3z@wordpress.org,Male,595-151-7650,China,5/10/1938
145,Asher,Beckhouse,abeckhouse40@friendfeed.com,Male,758-842-3048,France,3/28/1969
146,Dorolice,Trout,dtrout41@guardian.co.uk,Female,113-593-1264,Bangladesh,12/7/2000
147,Lyman,Perritt,lperritt42@ibm.com,Male,560-131-0485,Mexico,11/22/1958
148,Murdock,Yuryichev,myuryichev43@yellowpages.com,Male,295-999-4078,Malaysia,9/5/1942
149,Rupert,Perigo,rperigo44@github.com,Male,664-775-8154,China,6/29/1940
150,Sydney,Christoffersen,schristoffersen45@typepad.com,Male,169-860-9394,Zambia,2/14/1988
151,Meredith,Barkes,mbarkes46@jigsy.com,Female,226-635-1243,Croatia,12/12/1971
152,Vania,Fredi,vfredi47@cocolog-nifty.com,Female,537-982-8202,Brazil,1/24/1928
153,Vanny,Selliman,vselliman48@imdb.com,Female,246-867-7454,Morocco,3/2/1986
154,Doll,Burford,dburford49@apache.org,Female,362-807-6889,China,1/11/1958
155,Jerome,Rijkeseis,jrijkeseis4a@facebook.com,Male,960-986-3204,Russia,4/26/1916
156,Brucie,St. Hill,bsthill4b@sbwire.com,Male,851-725-6278,Thailand,8/29/2010
157,Eddi,Fellnee,efellnee4c@gmpg.org,Female,488-958-7549,China,8/15/1997
158,Eddi,Boycott,eboycott4d@yandex.ru,Female,969-730-2742,China,1/29/1957
159,Anne-marie,Bertouloume,abertouloume4e@hostgator.com,Female,942-813-5639,Netherlands,9/28/1913
160,Gordie,Blasio,gblasio4f@reuters.com,Male,828-309-2919,China,11/1/1942
161,Leisha,McPhee,lmcphee4g@cmu.edu,Female,919-844-0729,Indonesia,4/28/2023
162,Sue,Styles,sstyles4h@redcross.org,Bigender,278-462-6868,Philippines,12/10/1937
163,Harli,Wolfarth,hwolfarth4i@gravatar.com,Non-binary,477-306-6179,Poland,4/21/1950
164,Silvano,Girone,sgirone4j@yelp.com,Male,291-640-2732,Indonesia,11/3/1946
165,Obediah,Gaspero,ogaspero4k@nasa.gov,Male,352-142-3097,China,5/22/2023
166,Tybalt,Burnep,tburnep4l@blogger.com,Male,179-786-5188,Poland,3/19/1931
167,Gardiner,Pycock,gpycock4m@acquirethisname.com,Male,552-502-0723,Sweden,12/31/1913
168,Timothy,Standish,tstandish4n@businessweek.com,Male,686-522-3249,United Kingdom,8/21/1900
169,Chas,Penlington,cpenlington4o@nifty.com,Male,607-455-9939,Ukraine,1/24/1980
170,Halie,Sessuns,hsessuns4p@geocities.com,Female,126-192-6536,Tanzania,8/8/1959
171,Giulia,Misselbrook,gmisselbrook4q@about.com,Female,262-583-1745,Canada,1/21/1994
172,Tybie,Huskinson,thuskinson4r@statcounter.com,Female,484-375-2275,Comoros,1/11/1915
173,Kalila,Boutton,kboutton4s@dagondesign.com,Female,959-858-5691,Russia,1/25/1955
174,Thornie,Mea,tmea4t@about.me,Male,965-691-7097,Portugal,8/5/2015
175,Pierrette,Daniell,pdaniell4u@cargocollective.com,Female,398-335-4274,China,6/30/1925
176,Carissa,Morefield,cmorefield4v@rediff.com,Female,655-286-8362,Indonesia,6/5/1915
177,Bondy,Allnatt,ballnatt4w@behance.net,Genderfluid,512-576-5047,Croatia,4/26/1968
178,Lona,Andrini,landrini4x@deviantart.com,Female,117-950-5625,Poland,9/16/1950
179,David,Yardy,dyardy4y@intel.com,Male,127-401-0513,Indonesia,4/23/1998
180,Larisa,Follit,lfollit4z@mail.ru,Female,547-900-6583,Indonesia,12/9/2010
181,Fayth,Cleaton,fcleaton50@gmpg.org,Bigender,566-522-9386,Sweden,12/11/1967
182,Angelita,Maudson,amaudson51@naver.com,Female,477-247-0812,Hungary,11/14/1985
183,Anselm,Bonick,abonick52@prnewswire.com,Genderqueer,480-641-2834,Tunisia,1/21/1911
184,Abran,Troup,atroup53@google.ca,Male,507-643-6895,Indonesia,1/26/1933
185,Ewart,Dobbyn,edobbyn54@g.co,Male,445-147-3978,Peru,7/20/1936
186,Rodolph,MacCurley,rmaccurley55@mail.ru,Male,491-125-2433,Canada,12/31/2003
187,Tasha,Leitch,tleitch56@w3.org,Polygender,241-296-9337,Mexico,5/23/1952
188,Charline,Klulicek,cklulicek57@squidoo.com,Female,322-563-5853,France,9/4/1920
189,Harlan,Aires,haires58@arizona.edu,Male,595-539-9818,Czech Republic,12/7/2005
190,Marven,Enocksson,menocksson59@ucoz.ru,Male,579-729-4751,Indonesia,12/11/1962
191,Vidovik,Brownlee,vbrownlee5a@cisco.com,Male,782-567-2323,Burundi,10/7/1905
192,Marie,Vinick,mvinick5b@webs.com,Female,644-417-0651,Russia,8/6/1902
193,Lorilee,Fosken,lfosken5c@shinystat.com,Female,716-877-3164,France,3/7/1971
194,Jermaine,Camili,jcamili5d@si.edu,Female,706-929-5105,Portugal,1/19/1933
195,Rutter,Campanelli,rcampanelli5e@mysql.com,Male,837-713-1579,Poland,6/18/1948
196,Lonna,Durston,ldurston5f@mashable.com,Female,249-384-5798,China,7/11/2000
197,Flor,Morland,fmorland5g@nymag.com,Female,339-178-1579,Poland,4/12/1911
198,Burke,Belison,bbelison5h@nps.gov,Male,323-922-1019,China,1/18/1967
199,Thacher,Tease,ttease5i@twitpic.com,Male,408-819-2247,Colombia,5/9/1971
200,Raina,Gibberd,rgibberd5j@umn.edu,Female,710-950-3153,Kenya,4/20/1935
201,Rebekah,Coverley,rcoverley5k@plala.or.jp,Female,437-946-9782,Guatemala,12/23/1921
202,Timmie,Regnard,tregnard5l@uiuc.edu,Female,655-798-4861,Philippines,4/22/1913
203,Samantha,Caff,scaff5m@soup.io,Female,906-567-9317,Brazil,4/17/1962
204,Jacquenette,Dreier,jdreier5n@4shared.com,Female,876-200-2423,Poland,2/19/1932
205,Viv,Collcutt,vcollcutt5o@virginia.edu,Female,574-524-0266,Philippines,8/17/1931
206,Caresa,Raynton,craynton5p@tuttocitta.it,Female,388-260-2888,Netherlands,5/25/1940
207,Pammy,Sircombe,psircombe5q@hibu.com,Female,469-929-8244,Philippines,9/25/2000
208,Andrej,Broadfield,abroadfield5r@networksolutions.com,Male,801-758-6077,China,7/18/2003
209,Lawrence,Cowser,lcowser5s@ucla.edu,Male,398-346-4972,Indonesia,10/26/1995
210,Katherine,Linskill,klinskill5t@wix.com,Female,471-431-7474,Indonesia,8/22/1936
211,Saunder,Eykelhof,seykelhof5u@github.com,Male,554-727-4815,Poland,10/30/1965
212,Granny,Garstang,ggarstang5v@ifeng.com,Male,388-865-4272,Philippines,5/12/2017
213,Dael,Jurek,djurek5w@telegraph.co.uk,Male,529-701-3550,Japan,1/30/1994
214,Leroy,Ewington,lewington5x@ehow.com,Male,241-597-2777,France,12/6/1920
215,Kaine,Guirardin,kguirardin5y@reference.com,Male,566-486-3789,Russia,12/22/1917
216,Kipp,Castel,kcastel5z@parallels.com,Male,376-883-2549,China,12/10/1919
217,Lane,Figger,lfigger60@narod.ru,Genderfluid,414-232-2677,United States,6/17/1921
218,Jeramie,Wolfendale,jwolfendale61@sphinn.com,Agender,144-864-0080,South Africa,7/11/2006
219,Erin,Hurdwell,ehurdwell62@thetimes.co.uk,Male,508-700-0883,Indonesia,12/27/1975
220,Trey,Coupland,tcoupland63@oaic.gov.au,Male,976-967-9432,Peru,3/22/1940
221,Kass,Brede,kbrede64@wp.com,Female,410-199-7751,Honduras,2/28/1988
222,Correy,Baude,cbaude65@mac.com,Male,289-971-9270,China,11/18/1912
223,Hildagard,Battill,hbattill66@tumblr.com,Polygender,431-582-4414,Russia,1/29/1969
224,Carce,Sturney,csturney67@netlog.com,Male,777-666-4284,Indonesia,10/29/1978
225,Hillie,Grouvel,hgrouvel68@1und1.de,Male,205-119-4483,North Korea,8/21/1983
226,Thedric,Childs,tchilds69@mozilla.com,Male,241-927-5968,China,10/30/2003
227,Jorie,Lawther,jlawther6a@globo.com,Female,231-244-0212,Indonesia,5/1/1959
228,Dugald,Simcox,dsimcox6b@amazon.co.jp,Male,557-453-5581,Indonesia,6/15/2015
229,Dulcy,Middiff,dmiddiff6c@unesco.org,Female,552-577-9218,Argentina,12/27/1993
230,Freida,Konzel,fkonzel6d@indiatimes.com,Female,446-709-6383,Poland,6/23/1990
231,Aldo,Bonhan,abonhan6e@topsy.com,Male,317-577-5577,Peru,4/16/1933
232,Durant,Relton,drelton6f@photobucket.com,Male,192-613-2498,France,10/27/1912
233,Remus,Gosnoll,rgosnoll6g@gizmodo.com,Male,452-606-5186,Norway,3/12/1902
234,Curran,McGillicuddy,cmcgillicuddy6h@wired.com,Male,788-734-6457,Poland,9/7/1985
235,Dania,Tisor,dtisor6i@vk.com,Non-binary,488-351-7139,China,10/6/2018
236,Nadiya,Thornham,nthornham6j@bing.com,Female,941-282-6655,Venezuela,3/25/1916
237,Jamill,Huggan,jhuggan6k@geocities.jp,Male,101-692-6634,China,6/22/2006
238,Morley,Liggons,mliggons6l@indiegogo.com,Male,881-881-8254,Nigeria,1/19/1948
239,Edwina,Arrowsmith,earrowsmith6m@npr.org,Female,876-819-5856,Portugal,9/20/1980
240,Geri,Cissell,gcissell6n@tinyurl.com,Male,878-928-0739,Czech Republic,7/30/2006
241,Giulietta,Grioli,ggrioli6o@cafepress.com,Agender,483-975-9082,China,8/28/1918
242,Genni,Danilyak,gdanilyak6p@indiegogo.com,Female,761-599-4394,Armenia,11/25/1916
243,Quintana,Loudon,qloudon6q@comcast.net,Female,711-112-3332,China,2/22/1988
244,Niles,Halt,nhalt6r@cdc.gov,Male,831-319-3553,China,8/14/1955
245,Belia,Van der Veldt,bvanderveldt6s@wsj.com,Female,759-464-5532,China,3/7/1911
246,Willyt,Croker,wcroker6t@tuttocitta.it,Female,639-584-9106,Croatia,8/23/1973
247,Law,Insull,linsull6u@house.gov,Male,296-805-5669,Philippines,11/14/1933
248,Sheppard,Hewes,shewes6v@state.gov,Male,279-377-1670,Russia,5/8/2017
249,Milka,Stoile,mstoile6w@zdnet.com,Female,147-861-6301,Cyprus,5/2/1968
250,Filmore,Lowcock,flowcock6x@hao123.com,Male,244-631-8642,Indonesia,8/25/1980
251,Angus,Churches,achurches6y@si.edu,Male,999-368-5163,Russia,6/4/1929
252,Dorree,Jehaes,djehaes6z@umich.edu,Female,745-965-1137,Poland,5/9/1994
253,Jennica,Skipsea,jskipsea70@paginegialle.it,Female,382-128-7477,China,2/3/1952
254,Errick,MacTrustram,emactrustram71@dot.gov,Male,697-675-3189,Ireland,6/17/1909
255,Standford,Kayser,skayser72@a8.net,Male,618-366-2122,Vietnam,4/4/1907
256,Cheslie,Fourman,cfourman73@ycombinator.com,Female,858-595-9343,Philippines,3/24/1951
257,Dom,Fildes,dfildes74@wp.com,Male,463-439-4364,Brazil,10/13/1911
258,Nickolas,Harbord,nharbord75@bizjournals.com,Male,855-900-3170,Poland,5/15/1925
259,Madison,Diperaus,mdiperaus76@dedecms.com,Agender,403-848-7570,Brazil,3/20/2004
260,Shauna,Collard,scollard77@paginegialle.it,Female,765-752-1391,Nigeria,7/26/2021
261,Mair,Shovelin,mshovelin78@scientificamerican.com,Female,241-909-2819,Serbia,8/25/1973
262,Geno,Garretts,ggarretts79@bravesites.com,Male,448-354-0376,Philippines,10/19/1974
263,Isabel,Semmence,isemmence7a@stumbleupon.com,Female,516-618-7923,China,12/16/1970
264,Darcee,Christoforou,dchristoforou7b@google.fr,Female,747-665-5811,China,6/11/1982
265,Pavla,Aistrop,paistrop7c@whitehouse.gov,Female,645-946-0102,Guatemala,12/24/1973
266,Early,Goby,egoby7d@arizona.edu,Male,245-335-6909,Indonesia,9/21/1906
267,Nick,Hukins,nhukins7e@time.com,Male,813-384-5208,Brazil,7/27/1992
268,Jedd,Barrell,jbarrell7f@cargocollective.com,Male,225-701-6893,Poland,1/6/1968
269,Allissa,Legges,alegges7g@surveymonkey.com,Female,911-107-1795,South Korea,3/29/2014
270,Grace,Osmant,gosmant7h@moonfruit.com,Male,695-440-2914,Philippines,6/10/1978
271,Cross,Condit,ccondit7i@google.cn,Male,770-279-2496,United States,2/1/1929
272,Orin,Gayther,ogayther7j@usnews.com,Male,930-374-8577,South Korea,12/23/2013
273,Valene,Iveson,viveson7k@usa.gov,Female,854-127-2760,Dominican Republic,1/24/1958
274,Zebulon,Chatto,zchatto7l@arizona.edu,Bigender,369-333-7533,Syria,8/23/2005
275,Sauveur,Danelut,sdanelut7m@sfgate.com,Male,749-864-7139,Canada,4/27/1981
276,Pet,Simkin,psimkin7n@noaa.gov,Female,444-438-4048,Argentina,7/21/2006
277,Marty,Handsheart,mhandsheart7o@google.com.au,Male,548-221-2008,Russia,6/25/1906
278,Goddart,Nesbitt,gnesbitt7p@vimeo.com,Male,496-278-1561,Italy,7/27/2004
279,Killian,Marrington,kmarrington7q@livejournal.com,Male,119-866-5938,Dominican Republic,5/22/1996
280,Shina,Douberday,sdouberday7r@abc.net.au,Female,552-842-0988,Portugal,1/30/1902
281,Cleve,Durdy,cdurdy7s@usnews.com,Polygender,765-829-9410,Mexico,12/28/1997
282,Callie,Gebby,cgebby7t@sina.com.cn,Female,660-215-3878,China,5/11/1970
283,Alameda,Blow,ablow7u@cafepress.com,Female,955-271-2612,North Korea,9/23/2003
284,Siusan,Epgrave,sepgrave7v@tamu.edu,Female,909-115-2133,Ethiopia,1/1/1917
285,Lolita,Trundle,ltrundle7w@japanpost.jp,Female,849-247-9633,Indonesia,9/15/1907
286,Amberly,Lorimer,alorimer7x@squarespace.com,Female,793-996-1941,China,2/5/1991
287,Aarika,Dominik,adominik7y@sohu.com,Female,540-720-4331,China,5/29/1906
288,Derril,Cardew,dcardew7z@nih.gov,Male,114-840-9330,Peru,2/15/1908
289,Arnuad,Mulhill,amulhill80@hubpages.com,Male,497-592-1847,Poland,4/16/2017
290,Arnuad,O'Gaven,aogaven81@goo.gl,Male,626-606-9837,China,4/12/1937
291,Sam,Stedell,sstedell82@earthlink.net,Male,477-358-6430,Russia,12/11/2017
292,Joye,Mayte,jmayte83@hexun.com,Female,175-364-4760,Mongolia,3/8/2000
293,Tobit,Witheridge,twitheridge84@godaddy.com,Male,839-579-0467,Indonesia,2/3/1930
294,Bev,Gooly,bgooly85@washington.edu,Female,846-178-9345,Ukraine,5/7/1903
295,Carroll,Thomerson,cthomerson86@com.com,Male,526-478-8172,Russia,3/17/2010
296,Sonny,Swanne,sswanne87@miitbeian.gov.cn,Genderfluid,409-703-2728,Nicaragua,11/14/1944
297,Gabriellia,Russan,grussan88@ftc.gov,Female,585-981-1223,Malaysia,12/21/2015
298,Corny,Jouandet,cjouandet89@taobao.com,Male,537-457-9792,Peru,5/25/1918
299,Guthry,Kitchingman,gkitchingman8a@virginia.edu,Male,526-835-2890,Afghanistan,12/20/1968
300,Penn,Habben,phabben8b@bing.com,Male,741-910-5561,Lesotho,8/19/1925
301,Sonnie,Waistell,swaistell8c@blog.com,Male,159-264-6562,China,10/10/1976
302,Trudi,Buckenhill,tbuckenhill8d@slashdot.org,Female,861-833-7664,Indonesia,4/7/1902
303,Jerad,Jedrys,jjedrys8e@ed.gov,Male,618-166-2834,Syria,1/19/1988
304,Beryle,Capener,bcapener8f@webnode.com,Female,352-646-0287,Philippines,2/2/1932
305,Morlee,Dymock,mdymock8g@nationalgeographic.com,Male,937-260-5357,Bosnia and Herzegovina,12/12/1945
306,Hubie,Thing,hthing8h@issuu.com,Male,653-267-4886,Indonesia,11/4/2020
307,Tobe,Lattin,tlattin8i@amazon.de,Female,210-299-9308,Indonesia,7/24/1927
308,Joachim,Legister,jlegister8j@tinypic.com,Male,165-195-1546,China,5/12/1999
309,Devlen,Pelcheur,dpelcheur8k@sciencedirect.com,Male,594-180-8810,Japan,11/10/1954
310,Biddy,Meadows,bmeadows8l@elegantthemes.com,Female,868-297-9394,Indonesia,4/13/1912
311,Abelard,O'Loughnan,aoloughnan8m@businessweek.com,Male,990-114-3945,China,8/25/1950
312,Daryle,Haitlie,dhaitlie8n@techcrunch.com,Male,954-901-5686,Chad,1/14/1909
313,Clayborn,Kiellor,ckiellor8o@taobao.com,Male,267-309-4895,Oman,8/24/2005
314,Renee,Bloomfield,rbloomfield8p@opera.com,Female,926-809-3162,New Zealand,9/5/1936
315,Fredi,Peggs,fpeggs8q@artisteer.com,Female,160-812-9850,Brazil,2/13/1978
316,Antonia,Goade,agoade8r@paginegialle.it,Female,500-292-5604,Thailand,6/6/1943
317,Sergeant,Raine,sraine8s@dmoz.org,Male,406-599-4587,Ukraine,11/30/1952
318,Terrye,Mollin,tmollin8t@psu.edu,Female,460-976-1467,Azerbaijan,12/29/1977
319,Fredia,McGurn,fmcgurn8u@census.gov,Female,208-883-2604,Brazil,12/8/1941
320,Audy,Hightown,ahightown8v@nifty.com,Female,986-220-4486,Russia,5/6/1943
321,Ferne,MacKeogh,fmackeogh8w@histats.com,Female,448-952-5604,Serbia,11/4/1942
322,Roma,Heibl,rheibl8x@umn.edu,Male,659-601-5415,Brazil,9/4/1953
323,Ivory,Argabrite,iargabrite8y@godaddy.com,Female,545-677-3866,China,1/4/1994
324,Freemon,Georges,fgeorges8z@sphinn.com,Male,127-111-2518,Indonesia,6/20/1951
325,Luelle,Fishley,lfishley90@freewebs.com,Female,204-318-7238,Portugal,4/14/1959
326,Chandler,Windridge,cwindridge91@howstuffworks.com,Male,908-377-5434,Brazil,1/24/1986
327,Shawn,Fuzzard,sfuzzard92@cam.ac.uk,Male,805-490-4207,China,9/27/1905
328,Claudian,Dyhouse,cdyhouse93@aboutads.info,Male,241-340-6561,Poland,11/13/1963
329,Marjy,Dishman,mdishman94@columbia.edu,Bigender,367-706-6845,Ireland,1/26/2013
330,Iorgos,Lebbon,ilebbon95@adobe.com,Male,141-625-5485,Peru,1/19/1971
331,Lainey,McCunn,lmccunn96@acquirethisname.com,Female,954-422-3266,Philippines,11/17/1917
332,Mellisent,Domesday,mdomesday97@ft.com,Female,929-998-7267,Indonesia,11/28/1943
333,Ingemar,Dunsmuir,idunsmuir98@woothemes.com,Male,130-190-1733,Peru,8/19/1904
334,Rose,Wennam,rwennam99@wikispaces.com,Female,179-508-1372,Indonesia,1/7/2020
335,Catriona,Eastwood,ceastwood9a@cdbaby.com,Agender,308-964-8783,Brazil,5/20/1915
336,Edlin,Balfe,ebalfe9b@com.com,Male,382-510-4309,Philippines,11/11/1993
337,Zachariah,Sauven,zsauven9c@elegantthemes.com,Male,140-752-5811,China,5/23/1974
338,Ileana,Form,iform9d@nbcnews.com,Female,793-311-0969,Madagascar,6/17/1951
339,Udale,Blackburne,ublackburne9e@imageshack.us,Male,642-613-1537,China,4/4/1977
340,Ricky,Forton,rforton9f@ehow.com,Male,222-770-9274,Brazil,12/12/1963
341,Antoinette,Maven,amaven9g@craigslist.org,Female,485-585-4022,Russia,4/7/1953
342,Ashleigh,Rosenzwig,arosenzwig9h@a8.net,Female,530-693-1812,United States,3/8/1932
343,De,Bloodworth,dbloodworth9i@infoseek.co.jp,Female,445-680-0481,Azerbaijan,1/30/1955
344,Billie,Skene,bskene9j@blogs.com,Male,822-387-1519,Philippines,1/3/1906
345,Shaine,Meadley,smeadley9k@wordpress.org,Male,524-138-2546,Nigeria,11/1/1939
346,Kelley,Rawlins,krawlins9l@google.com.au,Female,150-778-2249,Thailand,1/15/1934
347,Wes,Ormond,wormond9m@guardian.co.uk,Genderqueer,516-396-0326,Indonesia,9/2/1916
348,Sargent,Lenham,slenham9n@zdnet.com,Male,529-679-7664,China,8/15/1912
349,Carolan,Leidl,cleidl9o@freewebs.com,Female,276-993-2122,Albania,6/22/1956
350,Claire,Holsey,cholsey9p@imdb.com,Male,956-787-9666,France,7/29/1944
351,Annemarie,Worboys,aworboys9q@soundcloud.com,Female,770-432-5227,Russia,10/6/1904
352,Gennie,Natalie,gnatalie9r@surveymonkey.com,Female,707-110-6169,Nigeria,4/27/1939
353,Corbet,Teasdale-Markie,cteasdalemarkie9s@yahoo.co.jp,Male,363-632-2029,Philippines,9/21/1966
354,Hyman,Slowey,hslowey9t@quantcast.com,Male,392-912-9591,Indonesia,7/10/1940
355,Rozalin,Petz,rpetz9u@spiegel.de,Genderfluid,779-392-9690,Croatia,4/20/1918
356,Harmonie,Frany,hfrany9v@bbb.org,Female,654-481-4033,Bulgaria,7/26/1917
357,Marina,Goodlad,mgoodlad9w@bing.com,Female,700-613-2848,Russia,10/21/1959
358,Roberta,Streatfeild,rstreatfeild9x@hhs.gov,Female,718-756-7581,Portugal,7/25/2017
359,Federica,Abramovitch,fabramovitch9y@irs.gov,Female,940-890-7656,Albania,6/3/2019
360,Dasha,Pollington,dpollington9z@surveymonkey.com,Female,788-494-8076,Iran,10/20/2001
361,Modestine,Plesing,mplesinga0@godaddy.com,Female,599-878-1940,Syria,9/22/1964
362,Ashlan,Lewcock,alewcocka1@usnews.com,Female,205-469-7697,Indonesia,4/11/1988
363,Adaline,Warboy,awarboya2@facebook.com,Female,350-457-8510,Poland,7/19/2004
364,Biddy,Gawthrop,bgawthropa3@ask.com,Female,952-549-8203,United States,7/5/1939
365,Lacee,Presdie,lpresdiea4@ehow.com,Female,612-932-1819,United States,1/27/1944
366,Ilise,Tomasian,itomasiana5@opensource.org,Female,901-844-6535,Indonesia,8/17/1964
367,Birch,Mackison,bmackisona6@cnbc.com,Male,367-455-7241,China,4/5/1921
368,Marcy,De Laspee,mdelaspeea7@behance.net,Female,546-378-7984,Ireland,4/7/2001
369,Ringo,Seeviour,rseevioura8@joomla.org,Male,466-583-4797,Brazil,12/16/2014
370,Camey,Janecek,cjaneceka9@facebook.com,Male,674-777-0907,Portugal,3/1/2023
371,Anson,Burgum,aburgumaa@123-reg.co.uk,Male,965-658-8506,Philippines,3/20/2006
372,Leigh,Haddock,lhaddockab@stanford.edu,Male,633-846-6572,Kenya,2/4/2003
373,Burg,McEnery,bmceneryac@slideshare.net,Male,381-390-3796,China,9/21/1907
374,Nigel,Boast,nboastad@squidoo.com,Male,325-214-5211,Netherlands,4/9/1947
375,Roby,Lazonby,rlazonbyae@behance.net,Female,655-747-9380,Philippines,7/22/1928
376,Latashia,Reis,lreisaf@auda.org.au,Female,936-201-5092,Philippines,5/26/1950
377,Cora,Wintour,cwintourag@biglobe.ne.jp,Female,192-794-7930,Croatia,6/12/1967
378,Myra,Libbey,mlibbeyah@washingtonpost.com,Female,832-254-8133,Philippines,8/19/1967
379,Debee,Oakenfield,doakenfieldai@meetup.com,Female,114-333-9766,Russia,9/20/1964
380,Paddy,Fishwick,pfishwickaj@stanford.edu,Male,850-764-3577,Armenia,8/21/1997
381,Sherwin,Janousek,sjanousekak@about.me,Male,533-438-1537,Peru,3/17/2018
382,Sarge,Jikovsky,sjikovskyal@engadget.com,Genderqueer,314-978-4307,United States,1/11/1922
383,Jorge,Fudger,jfudgeram@vkontakte.ru,Male,506-960-1602,Czech Republic,1/29/2013
384,Rab,Rodgers,rrodgersan@opera.com,Male,112-194-2045,China,12/6/1928
385,Maura,Treffrey,mtreffreyao@squarespace.com,Female,328-808-5716,Thailand,12/17/1970
386,Bertram,Yard,byardap@ucsd.edu,Male,646-620-6457,Poland,11/20/1909
387,Kingsley,Baudin,kbaudinaq@webs.com,Male,732-856-7809,Serbia,3/9/1995
388,Felice,Newiss,fnewissar@nasa.gov,Male,884-595-9406,China,6/12/1983
389,Ninnette,Sutterby,nsutterbyas@ox.ac.uk,Female,610-176-4065,China,2/25/1924
390,Natalie,Balfour,nbalfourat@twitter.com,Female,713-395-9740,Cyprus,2/14/1915
391,Blaire,Ivshin,bivshinau@loc.gov,Non-binary,785-985-9753,Bolivia,4/5/1980
392,Randa,Turbayne,rturbayneav@last.fm,Female,915-959-6215,United States,6/5/1964
393,Conn,Gilmour,cgilmouraw@yale.edu,Male,887-885-6190,Indonesia,2/19/1994
394,Leupold,Ivanets,livanetsax@cdbaby.com,Male,340-415-1661,China,8/16/1913
395,Rafaello,Basten,rbastenay@businessweek.com,Male,231-870-0036,Sierra Leone,7/5/2014
396,Colly,Ciccone,ccicconeaz@surveymonkey.com,Female,997-704-2355,China,3/25/1909
397,Lucius,Abramov,labramovb0@nih.gov,Male,318-974-5161,Kazakhstan,6/15/1942
398,Yard,Milius,ymiliusb1@imgur.com,Male,586-569-0084,China,6/29/2013
399,Willi,Aslam,waslamb2@latimes.com,Male,399-929-0385,China,4/12/2003
400,Moreen,Letts,mlettsb3@desdev.cn,Female,801-242-5368,Norway,10/9/1930
401,Thoma,Glazyer,tglazyerb4@buzzfeed.com,Male,424-723-5710,Russia,8/4/1950
402,Carlina,Juliff,cjuliffb5@icio.us,Female,624-200-7128,Thailand,3/10/2001
403,Almeda,Dowyer,adowyerb6@unicef.org,Genderqueer,986-370-8151,Pakistan,5/17/1940
404,Laurene,Orrocks,lorrocksb7@squidoo.com,Polygender,817-250-8575,China,4/3/1924
405,Rufe,Jordeson,rjordesonb8@prnewswire.com,Male,781-265-1902,Sweden,5/14/2000
406,Annemarie,Mordey,amordeyb9@t.co,Female,572-459-7152,Portugal,12/10/1930
407,Thaine,Trosdall,ttrosdallba@marriott.com,Male,246-129-5044,China,1/17/1974
408,Etty,Kember,ekemberbb@microsoft.com,Female,935-695-1703,Philippines,7/2/2001
409,Justino,Rooney,jrooneybc@histats.com,Male,926-680-0520,Yemen,10/30/1958
410,Florri,Gettone,fgettonebd@ed.gov,Genderqueer,139-702-9711,Colombia,9/3/1915
411,Abagael,Joskovitch,ajoskovitchbe@mtv.com,Female,761-852-1560,China,2/2/1954
412,Reece,Gottelier,rgottelierbf@globo.com,Male,411-605-6531,China,8/27/1975
413,Jessie,Paoletto,jpaolettobg@wordpress.com,Genderqueer,191-761-3470,Zambia,8/10/1971
414,Ganny,Biggs,gbiggsbh@t.co,Male,296-417-2479,Russia,1/22/1992
415,Pet,Lewcock,plewcockbi@noaa.gov,Female,439-743-4012,Indonesia,11/24/2017
416,Arlina,Jacklin,ajacklinbj@gmpg.org,Female,559-910-3971,Iran,9/17/1905
417,Violette,Hubach,vhubachbk@shutterfly.com,Female,878-553-7452,Peru,6/15/1908
418,Rodolph,Welfair,rwelfairbl@usa.gov,Male,124-685-9412,Benin,3/9/1989
419,Orsola,Crookston,ocrookstonbm@columbia.edu,Female,821-107-5020,China,6/1/1915
420,Bette,Andree,bandreebn@desdev.cn,Female,715-131-9975,Thailand,7/22/1958
421,Gerry,Port,gportbo@addthis.com,Male,621-504-6226,Indonesia,7/6/1982
422,Robyn,Gaynsford,rgaynsfordbp@youku.com,Female,586-358-0442,Sweden,1/11/1921
423,Nonnah,Hinzer,nhinzerbq@msu.edu,Female,803-811-6504,Indonesia,1/19/1935
424,Maria,Mountjoy,mmountjoybr@storify.com,Female,248-617-5378,Indonesia,12/19/1986
425,Quentin,Hannen,qhannenbs@nationalgeographic.com,Male,336-649-6705,Myanmar,10/7/1936
426,Jarred,Seagar,jseagarbt@pen.io,Agender,312-370-5855,Russia,1/18/1931
427,Alane,Reape,areapebu@indiegogo.com,Female,485-683-4724,France,5/19/1972
428,Rene,Mieville,rmievillebv@businesswire.com,Male,792-466-7146,Pakistan,8/19/1963
429,Myca,Britt,mbrittbw@discovery.com,Male,580-230-2868,Indonesia,6/8/1990
430,Fraze,Sloyan,fsloyanbx@bing.com,Male,923-100-2145,China,11/9/1943
431,Mavis,Simoneton,msimonetonby@alibaba.com,Female,830-387-6335,Japan,5/13/1902
432,Ivar,Kegan,ikeganbz@psu.edu,Male,679-597-2447,China,5/23/1994
433,Fredia,Beament,fbeamentc0@surveymonkey.com,Genderqueer,119-330-2386,Brazil,5/15/1947
434,Cherilynn,Marquese,cmarquesec1@github.com,Bigender,394-174-6510,Russia,7/27/1902
435,Liliane,Rigney,lrigneyc2@fc2.com,Female,450-215-2671,Canada,7/4/1978
436,Godiva,Skeemor,gskeemorc3@hubpages.com,Female,612-173-4353,Philippines,5/26/1905
437,Simone,Boord,sboordc4@cnet.com,Male,236-805-7181,Indonesia,10/6/1984
438,Tracie,Stoddart,tstoddartc5@mapy.cz,Female,491-507-7284,Brazil,5/25/2000
439,Stu,Relf,srelfc6@ifeng.com,Male,483-311-1617,Finland,3/12/1983
440,Silvana,Cronk,scronkc7@paypal.com,Female,229-877-7849,Albania,9/12/1987
441,Dyana,Stonuary,dstonuaryc8@shutterfly.com,Agender,294-394-1772,China,3/12/2011
442,Adamo,McLeman,amclemanc9@unblog.fr,Male,675-366-8629,Lithuania,11/18/1956
443,Christean,Kless,cklessca@hugedomains.com,Genderfluid,270-865-2189,Czech Republic,7/28/1908
444,Darius,Surmon,dsurmoncb@gnu.org,Male,233-351-0556,Sweden,5/10/1947
445,Marina,Brimelow,mbrimelowcc@ibm.com,Female,496-345-3099,Croatia,1/4/2016
446,Carry,Jearum,cjearumcd@jimdo.com,Female,709-384-8125,Colombia,1/23/1979
447,Giustina,MacDunleavy,gmacdunleavyce@blogtalkradio.com,Female,833-888-6774,China,3/15/1924
448,Cathryn,Heibel,cheibelcf@japanpost.jp,Female,247-899-0656,Azerbaijan,12/23/1934
449,Goldi,Rarity,graritycg@china.com.cn,Female,576-302-8348,Uruguay,9/7/1939
450,Elisha,Petrak,epetrakch@umn.edu,Male,488-568-7177,China,5/2/1933
451,Isadora,Newlove,inewloveci@macromedia.com,Female,970-623-6506,Indonesia,3/15/1997
452,Caterina,Cornall,ccornallcj@oaic.gov.au,Genderfluid,398-932-1103,China,2/7/1937
453,Kaylil,Manssuer,kmanssuerck@baidu.com,Female,290-588-0889,Russia,10/9/1938
454,Aimil,Gingold,agingoldcl@intel.com,Bigender,237-355-4299,Philippines,10/21/1909
455,Bradan,Mocker,bmockercm@ucsd.edu,Male,403-784-6131,Indonesia,4/26/2020
456,Buiron,Dmitrienko,bdmitrienkocn@dropbox.com,Male,135-149-7616,Portugal,1/1/2023
457,Esdras,Jiruca,ejirucaco@altervista.org,Male,278-603-5497,Poland,7/15/1955
458,Titos,Balazin,tbalazincp@indiegogo.com,Male,193-303-5026,Brazil,3/22/1963
459,Goldi,Dreinan,gdreinancq@pinterest.com,Polygender,545-364-8519,Slovenia,10/1/2014
460,Reinald,Sinney,rsinneycr@sogou.com,Male,791-763-1733,Ukraine,1/28/2023
461,Rupert,Grahlman,rgrahlmancs@msn.com,Male,256-573-5171,Greece,1/24/2000
462,Karolina,Ithell,kithellct@yolasite.com,Female,427-958-6326,Ethiopia,3/7/2003
463,Debbie,Moule,dmoulecu@edublogs.org,Female,857-951-9667,Peru,3/20/1968
464,Ritchie,Windebank,rwindebankcv@dailymail.co.uk,Male,298-801-3860,Brazil,11/25/1938
465,Arturo,Bortoluzzi,abortoluzzicw@plala.or.jp,Bigender,340-879-6409,Russia,4/22/1993
466,Kahlil,Ryding,krydingcx@cnbc.com,Male,994-118-4020,China,5/21/1900
467,Katrina,Gammett,kgammettcy@slate.com,Female,744-390-5908,China,10/4/1983
468,Agata,Gagg,agaggcz@hexun.com,Female,612-285-8217,Slovenia,5/26/1903
469,Renate,Jeremaes,rjeremaesd0@livejournal.com,Female,159-807-7669,China,6/23/2006
470,Royce,Spalding,rspaldingd1@nymag.com,Male,317-109-2284,Iran,5/31/1986
471,Estel,Queyos,equeyosd2@timesonline.co.uk,Non-binary,754-279-9718,Ukraine,11/20/2010
472,Vaughn,Sollis,vsollisd3@wordpress.org,Male,676-707-3663,Indonesia,8/24/1901
473,Dionis,Edelheid,dedelheidd4@mashable.com,Female,582-728-9084,Costa Rica,2/13/1940
474,Perri,Ewbank,pewbankd5@nydailynews.com,Female,170-746-0248,Thailand,12/20/1919
475,Jesse,Hussell,jhusselld6@lycos.com,Male,264-960-0858,Indonesia,5/14/1949
476,Garek,Do Rosario,gdorosariod7@google.de,Male,797-949-5453,Argentina,5/21/1933
477,Appolonia,Dunlea,adunlead8@tumblr.com,Female,800-850-9147,Palestinian Territory,11/19/2005
478,Chevy,Draxford,cdraxfordd9@nymag.com,Genderqueer,644-107-8602,China,3/30/2015
479,Sonja,Bradley,sbradleyda@icq.com,Female,356-451-7685,Indonesia,6/26/1990
480,Zacharie,Sharpley,zsharpleydb@seesaa.net,Male,607-870-0686,Panama,11/12/2018
481,Cecilio,Delieu,cdelieudc@lycos.com,Genderqueer,199-750-9109,Vietnam,3/13/1995
482,Dael,Lodewick,dlodewickdd@xing.com,Female,749-914-3105,Philippines,4/13/1955
483,Conroy,Malloy,cmalloyde@unc.edu,Male,113-484-7985,Kenya,7/11/1999
484,Horacio,Hof,hhofdf@deviantart.com,Male,102-665-8723,Nigeria,4/22/1926
485,Curran,Fones,cfonesdg@scribd.com,Bigender,604-973-7756,Panama,5/4/1996
486,Sly,Shayler,sshaylerdh@macromedia.com,Male,252-309-7385,China,11/8/1952
487,Neel,Malyj,nmalyjdi@a8.net,Male,539-901-5661,Finland,8/10/1900
488,Ivory,Sparkwill,isparkwilldj@hexun.com,Female,501-743-9234,China,3/13/2016
489,Chancey,Stanton,cstantondk@4shared.com,Male,641-963-1986,Costa Rica,4/21/2017
490,Humfrey,Kelsell,hkelselldl@hc360.com,Male,750-661-9568,Greece,5/14/1922
491,Oralia,Stodd,ostodddm@sphinn.com,Female,278-128-6546,Philippines,3/28/1903
492,Myrle,Feake,mfeakedn@reference.com,Female,858-882-1890,France,9/6/1996
493,Roscoe,Tetther,rtettherdo@elegantthemes.com,Male,162-914-6222,Thailand,5/2/1969
494,Carlie,Craigmile,ccraigmiledp@shop-pro.jp,Male,318-715-4125,Morocco,12/30/1913
495,Adrianne,Barensen,abarensendq@lulu.com,Female,781-320-8416,Iran,3/3/1929
496,Neala,Kalinsky,nkalinskydr@dailymotion.com,Female,739-425-2830,Brazil,11/15/2019
497,Rena,Wardhaw,rwardhawds@weibo.com,Female,388-883-5785,Czech Republic,11/15/2008
498,Maynard,Mustoe,mmustoedt@list-manage.com,Male,273-995-5033,Portugal,2/10/1900
499,Marion,Skrines,mskrinesdu@bandcamp.com,Polygender,915-979-4231,Argentina,4/26/1997
500,Dud,Dorgan,ddorgandv@auda.org.au,Male,980-950-5538,France,7/20/2015
501,Marlo,Kiehnlt,mkiehnltdw@cargocollective.com,Female,920-812-5750,Syria,6/4/1934
502,Anetta,O'Gaven,aogavendx@cam.ac.uk,Female,152-611-2396,France,9/11/2011
503,Federico,Pallent,fpallentdy@upenn.edu,Male,401-233-4542,China,2/25/1936
504,Darrelle,Fend,dfenddz@bloomberg.com,Female,625-807-8307,Indonesia,9/26/2001
505,Janelle,Hof,jhofe0@livejournal.com,Female,827-227-3491,Greece,7/8/1948
506,Sheridan,Richings,srichingse1@nymag.com,Male,590-870-5631,Sweden,2/9/1940
507,Jory,Augustin,jaugustine2@jugem.jp,Male,413-664-5567,Honduras,5/2/1922
508,Collete,Woolway,cwoolwaye3@wp.com,Female,707-417-6536,Ukraine,12/28/1989
509,Paulita,Sturley,psturleye4@histats.com,Female,703-438-9268,Indonesia,8/18/1920
510,Inez,Menhci,imenhcie5@zimbio.com,Bigender,164-174-8160,Brazil,7/31/1905
511,Leontine,Sink,lsinke6@altervista.org,Female,179-506-6266,Indonesia,12/27/1907
512,Allyn,Janew,ajanewe7@howstuffworks.com,Female,753-912-2057,Indonesia,9/20/1914
513,Giffy,Hurdiss,ghurdisse8@princeton.edu,Male,666-915-2120,Indonesia,2/4/1944
514,Mathew,Lies,mliese9@blogs.com,Male,111-288-7257,China,3/30/1934
515,Damaris,Charsley,dcharsleyea@msu.edu,Female,964-947-9723,China,11/16/1985
516,Giuseppe,Kneesha,gkneeshaeb@fema.gov,Male,154-209-7896,Sri Lanka,7/24/1991
517,Brody,Folk,bfolkec@cbsnews.com,Male,663-981-3353,Finland,1/15/1988
518,Charlie,Moncey,cmonceyed@ca.gov,Male,968-151-2446,Mauritius,11/28/1978
519,Fae,Lacky,flackyee@infoseek.co.jp,Female,911-954-5632,Peru,6/12/1994
520,Arly,Fenna,afennaef@hao123.com,Genderqueer,732-190-8242,Czech Republic,12/29/1936
521,Haily,Klassmann,hklassmanneg@photobucket.com,Female,409-653-4136,Indonesia,12/12/2008
522,Thornton,Fairweather,tfairweathereh@ifeng.com,Male,953-109-6800,Finland,6/4/1979
523,Pierre,Halladey,phalladeyei@salon.com,Male,138-324-7634,China,11/25/1991
524,Elisa,Saiens,esaiensej@google.ca,Female,755-689-2207,Mexico,2/12/1977
525,Paige,Ganiclef,pganiclefek@parallels.com,Agender,763-432-7902,Bulgaria,7/15/1958
526,Adrian,Mayzes,amayzesel@washingtonpost.com,Male,317-172-6179,Serbia,12/4/1928
527,Miltie,Blasli,mblasliem@livejournal.com,Male,327-831-5691,Russia,7/20/1935
528,Ethan,Ivashnyov,eivashnyoven@epa.gov,Male,576-779-6233,China,11/14/1954
529,Hyatt,Hawtry,hhawtryeo@webs.com,Male,619-468-9506,China,5/21/1984
530,Corrina,Banaszczyk,cbanaszczykep@senate.gov,Female,802-168-2818,Turkey,11/4/1972
531,Florina,Frogley,ffrogleyeq@furl.net,Female,507-369-6315,China,3/28/1954
532,Caye,Acors,cacorser@washingtonpost.com,Non-binary,951-975-9851,China,9/2/1926
533,Luca,Flanders,lflanderses@fastcompany.com,Male,175-173-4998,Brazil,9/10/1909
534,Jethro,Parrett,jparrettet@blogger.com,Male,114-711-3664,Philippines,8/15/1999
535,Ravid,Crim,rcrimeu@psu.edu,Male,637-324-6531,Russia,3/29/1968
536,Jamie,Jerrold,jjerroldev@wsj.com,Female,592-929-7648,Mexico,7/18/1982
537,Leighton,Kalderon,lkalderonew@artisteer.com,Male,986-453-1598,China,2/7/1969
538,Beck,Chucks,bchucksex@myspace.com,Male,842-163-0140,Japan,12/30/1991
539,Annabel,Haydn,ahaydney@mapy.cz,Female,403-337-0268,Mongolia,2/12/1963
540,Casey,Thresh,cthreshez@statcounter.com,Male,986-991-2063,China,10/1/1997
541,Myrna,Reinhart,mreinhartf0@springer.com,Female,574-113-6639,China,6/2/1948
542,Daphene,Boote,dbootef1@usa.gov,Female,943-540-1389,Indonesia,4/16/2005
543,Ahmad,Martill,amartillf2@wordpress.com,Male,145-862-9578,Brazil,7/7/1922
544,Susann,Berry,sberryf3@buzzfeed.com,Female,376-269-4800,China,6/27/1980
545,Kitti,Meadley,kmeadleyf4@unesco.org,Female,309-975-8673,Palestinian Territory,10/31/2023
546,Ally,O'Keevan,aokeevanf5@tinyurl.com,Female,502-571-7332,Guatemala,1/23/1952
547,Olly,Nazareth,onazarethf6@drupal.org,Female,696-191-9091,Brazil,8/15/2016
548,Rosabel,Vaggs,rvaggsf7@thetimes.co.uk,Female,288-625-2408,Indonesia,4/5/1929
549,Fulvia,Mohamed,fmohamedf8@imgur.com,Female,590-749-8773,Czech Republic,6/7/1980
550,Riccardo,Ties,rtiesf9@pen.io,Male,382-829-9003,Brazil,10/29/1914
551,Gare,Fellgatt,gfellgattfa@purevolume.com,Male,869-581-4801,Brazil,3/2/1934
552,Barnie,Woolstenholmes,bwoolstenholmesfb@cbsnews.com,Male,645-903-6629,Japan,2/13/1901
553,Gabbey,Staner,gstanerfc@cbsnews.com,Genderfluid,809-890-6360,Canada,3/15/1922
554,Ayn,Basey,abaseyfd@hostgator.com,Female,792-228-3948,Bangladesh,3/26/1956
555,Ivar,Coghlan,icoghlanfe@friendfeed.com,Male,228-173-6962,Venezuela,10/14/1958
556,Genny,Flood,gfloodff@wikia.com,Female,562-898-6785,China,9/6/1918
557,Hew,Bagot,hbagotfg@freewebs.com,Genderfluid,682-423-3002,Paraguay,3/8/1957
558,Rosalinda,Clerk,rclerkfh@aol.com,Female,656-581-9804,Malaysia,8/11/1923
559,Koenraad,Pepperell,kpepperellfi@psu.edu,Male,137-573-2256,Luxembourg,1/25/1972
560,Jody,Stiffell,jstiffellfj@bbb.org,Female,178-160-8700,Canada,8/14/1960
561,Walliw,Ivashkin,wivashkinfk@qq.com,Female,646-187-1388,Indonesia,3/25/1969
562,Tucker,Reay,treayfl@etsy.com,Male,684-479-7283,Indonesia,10/24/1994
563,Clementia,Wardhough,cwardhoughfm@rakuten.co.jp,Female,200-630-1985,Nicaragua,5/2/2013
564,Janeen,Roffey,jroffeyfn@seesaa.net,Female,414-612-0569,Russia,11/3/1915
565,Haily,Niset,hnisetfo@yellowbook.com,Genderfluid,807-722-7328,Peru,4/16/2016
566,Adaline,Johannes,ajohannesfp@reuters.com,Genderfluid,403-498-6663,Portugal,12/31/1956
567,Dicky,Burder,dburderfq@ox.ac.uk,Polygender,655-653-3033,China,6/17/1966
568,Arlinda,Hartless,ahartlessfr@biblegateway.com,Female,898-853-2628,Nigeria,3/29/2011
569,Carlie,Tampin,ctampinfs@creativecommons.org,Female,150-256-9201,Indonesia,6/6/1938
570,Laurette,Biermatowicz,lbiermatowiczft@icio.us,Female,964-945-4909,Thailand,8/26/1910
571,Iona,Karolowski,ikarolowskifu@51.la,Female,589-458-2832,China,8/21/2010
572,Leila,Hanaby,lhanabyfv@marketwatch.com,Female,634-673-0215,Albania,4/4/1973
573,Sansone,McWhorter,smcwhorterfw@constantcontact.com,Male,649-392-8885,France,9/30/2011
574,Koenraad,Cadore,kcadorefx@google.cn,Male,483-677-1126,Honduras,6/14/1984
575,Padriac,Stow,pstowfy@jalbum.net,Male,951-106-7090,China,7/19/2023
576,Godart,Bodham,gbodhamfz@java.com,Male,957-741-6519,China,1/22/1960
577,Asa,Buckby,abuckbyg0@parallels.com,Male,714-347-2768,United States,3/30/1967
578,Cecilia,Risborough,crisboroughg1@photobucket.com,Female,400-223-2261,China,6/20/1936
579,Cacilie,Copins,ccopinsg2@auda.org.au,Female,585-866-5426,China,4/12/2012
580,Maxwell,Werrit,mwerritg3@vk.com,Male,919-539-7750,United States,1/28/1905
581,Hobie,MacGillespie,hmacgillespieg4@nymag.com,Male,479-364-6949,Saint Kitts and Nevis,8/13/1970
582,Maximilianus,Pembridge,mpembridgeg5@trellian.com,Male,787-792-7904,Malaysia,11/8/1961
583,Stewart,Filipov,sfilipovg6@intel.com,Male,632-766-7494,Thailand,9/3/1950
584,Northrop,Harkins,nharkinsg7@mayoclinic.com,Male,313-150-1980,Russia,12/19/1968
585,Ardelis,Gaylor,agaylorg8@booking.com,Female,497-250-9836,Malaysia,3/31/1979
586,Blayne,Barten,bbarteng9@moonfruit.com,Male,646-452-3491,Zimbabwe,7/15/2019
587,Rochell,Allawy,rallawyga@nsw.gov.au,Female,670-643-1330,Brazil,12/9/1952
588,Gabrila,Rizzolo,grizzologb@hugedomains.com,Female,579-461-1523,Peru,1/11/1956
589,Oberon,Gerb,ogerbgc@eepurl.com,Male,651-562-7544,Costa Rica,9/4/2020
590,Fletcher,Perdue,fperduegd@cloudflare.com,Male,898-105-8766,Kenya,7/23/1964
591,Jessalin,Bosden,jbosdenge@irs.gov,Female,615-911-3008,United States,7/18/1999
592,Tarra,Sterman,tstermangf@w3.org,Female,348-340-7243,Morocco,7/8/1931
593,Devonna,Bandiera,dbandieragg@wikia.com,Female,719-854-3313,China,1/2/1989
594,Zonnya,Stickland,zsticklandgh@imgur.com,Genderqueer,790-546-2042,China,3/31/1916
595,Denyse,Gain,dgaingi@ebay.co.uk,Female,991-193-4155,France,12/23/1960
596,Myrah,Edelman,medelmangj@prweb.com,Female,693-914-5788,Philippines,12/4/2003
597,Shelia,McLeoid,smcleoidgk@bandcamp.com,Female,704-601-2714,China,4/20/1913
598,Sauveur,Bockman,sbockmangl@rakuten.co.jp,Male,963-376-1691,Philippines,9/26/2019
599,Neall,Renney,nrenneygm@auda.org.au,Male,215-238-4512,China,1/13/2008
600,Jaclin,Pena,jpenagn@bbc.co.uk,Polygender,226-697-4872,China,6/10/2015
601,Rene,Stiell,rstiellgo@google.co.jp,Male,366-571-1095,Panama,3/1/1933
602,Anny,Dyka,adykagp@reference.com,Female,854-452-2624,Pakistan,7/9/1921
603,Sammy,Hanton,shantongq@ucoz.ru,Male,925-756-4129,Chile,5/10/1988
604,Jodie,Stook,jstookgr@sogou.com,Female,562-584-2373,Canada,7/1/1996
605,Gerrie,Huddleston,ghuddlestongs@toplist.cz,Female,643-854-8810,Russia,11/2/2012
606,Odilia,McMeanma,omcmeanmagt@eventbrite.com,Agender,380-243-3958,Tanzania,10/3/1950
607,Vale,Davies,vdaviesgu@wix.com,Female,169-214-4385,Indonesia,1/19/1941
608,Desirae,Mcimmie,dmcimmiegv@google.com,Female,720-854-3663,Nigeria,1/22/1913
609,Bank,Dielhenn,bdielhenngw@dyndns.org,Male,923-910-2138,Bangladesh,9/6/2007
610,Sutherlan,Crean,screangx@geocities.com,Male,976-979-5239,United Kingdom,3/7/1914
611,Kalila,Sclater,ksclatergy@com.com,Female,260-753-4807,Belarus,8/9/1954
612,Carilyn,Barts,cbartsgz@webnode.com,Genderfluid,982-809-7258,China,9/17/1941
613,Paula,Knell,pknellh0@washington.edu,Female,296-683-6012,Thailand,10/6/1990
614,Bebe,Allenby,ballenbyh1@hubpages.com,Bigender,231-951-2187,Indonesia,11/23/1978
615,Modesty,Pittel,mpittelh2@ow.ly,Female,587-944-8659,Mexico,8/14/2018
616,Sonni,Behling,sbehlingh3@hostgator.com,Female,910-448-6410,United States,1/18/1971
617,Nanny,McGauhy,nmcgauhyh4@pinterest.com,Female,283-253-2584,China,11/30/1922
618,Arlen,Brouwer,abrouwerh5@microsoft.com,Female,826-727-9340,Myanmar,9/21/1994
619,Burgess,Causbey,bcausbeyh6@etsy.com,Male,947-884-1617,Ireland,5/4/1935
620,Sande,Eakle,seakleh7@imdb.com,Female,969-711-0493,Brazil,10/8/1902
621,Georgia,Greenslade,ggreensladeh8@sakura.ne.jp,Genderfluid,486-614-4514,Poland,6/1/1948
622,Malachi,Inman,minmanh9@va.gov,Male,505-661-8781,China,7/5/1984
623,Thor,Whopples,twhopplesha@de.vu,Male,771-683-5276,Portugal,8/31/2016
624,Amargo,Swalwell,aswalwellhb@mail.ru,Female,940-103-7312,China,5/27/1980
625,Darrin,Shuttlewood,dshuttlewoodhc@forbes.com,Male,540-593-2143,Iceland,3/12/1996
626,Elsy,Leif,eleifhd@wix.com,Female,333-959-0085,France,1/18/2010
627,Barb,Marcroft,bmarcrofthe@wsj.com,Female,951-524-8891,China,12/1/2010
628,Sandy,Geaves,sgeaveshf@over-blog.com,Female,741-936-7046,China,1/5/2020
629,Alfreda,Pinkerton,apinkertonhg@ft.com,Non-binary,867-413-1530,Russia,1/17/1917
630,Conni,Doe,cdoehh@is.gd,Female,783-661-0494,China,11/18/1979
631,Antonio,McNabb,amcnabbhi@amazon.co.uk,Male,943-586-5182,Russia,9/30/2016
632,Adan,Yesenev,ayesenevhj@msu.edu,Female,783-138-8656,Portugal,10/7/1901
633,Judas,Gyrgorwicx,jgyrgorwicxhk@gizmodo.com,Male,315-915-6237,Mongolia,7/2/1945
634,Theadora,Mynett,tmynetthl@skype.com,Female,196-307-5259,Greece,10/22/1966
635,Reilly,Holtom,rholtomhm@examiner.com,Non-binary,529-360-0442,Argentina,8/29/1915
636,Roshelle,Scanderet,rscanderethn@nationalgeographic.com,Female,570-272-7936,Mongolia,10/18/1920
637,Yetty,Godsil,ygodsilho@slashdot.org,Genderfluid,976-722-8276,Indonesia,1/25/1909
638,Archambault,Sumption,asumptionhp@behance.net,Male,889-774-1154,El Salvador,10/6/1968
639,Jennie,Sobczak,jsobczakhq@is.gd,Female,123-321-1038,China,6/28/1943
640,Joya,Newlands,jnewlandshr@netscape.com,Female,132-611-7836,China,11/20/1987
641,Olivier,Southerden,osoutherdenhs@google.it,Male,254-146-7454,China,7/29/1998
642,Emilee,Carley,ecarleyht@google.com.br,Female,959-729-6353,Sweden,6/21/2020
643,Daphene,Mallinar,dmallinarhu@ustream.tv,Female,254-704-6558,South Korea,4/24/2021
644,Mala,Trolley,mtrolleyhv@dell.com,Female,914-669-5590,China,11/29/1963
645,Myrvyn,Aubrey,maubreyhw@deliciousdays.com,Male,241-783-1976,China,7/16/1915
646,Ellene,Harral,eharralhx@princeton.edu,Female,404-722-5485,Slovenia,9/18/2001
647,Casie,Gawn,cgawnhy@i2i.jp,Female,467-944-4502,China,1/13/1960
648,Tobias,McCaster,tmccasterhz@qq.com,Male,135-827-9644,China,1/9/1973
649,Tedmund,Westcar,twestcari0@businessweek.com,Male,609-856-4966,Haiti,6/3/1999
650,Far,Greedier,fgreedieri1@stumbleupon.com,Non-binary,619-348-0221,China,12/18/2019
651,Faber,Quipp,fquippi2@homestead.com,Male,195-397-3477,China,7/18/1944
652,Piper,Beckinsall,pbeckinsalli3@google.co.uk,Female,673-465-7558,China,3/31/1965
653,Nathaniel,Hallaways,nhallawaysi4@gnu.org,Male,162-234-2218,Indonesia,1/3/1975
654,Stanford,Handford,shandfordi5@ucla.edu,Bigender,293-271-2784,Mexico,12/25/2022
655,Frederich,Causon,fcausoni6@dmoz.org,Male,616-824-6451,Sri Lanka,8/24/1955
656,Ed,Dunlap,edunlapi7@g.co,Non-binary,455-130-6705,China,11/29/1901
657,Virgina,Heinel,vheineli8@wordpress.com,Female,142-480-1668,Russia,7/12/1958
658,Aloisia,Hand,ahandi9@mysql.com,Female,306-690-8567,Malawi,6/25/1930
659,Darell,Quincey,dquinceyia@squidoo.com,Female,812-678-3105,North Korea,10/4/1975
660,My,Brewster,mbrewsterib@taobao.com,Male,405-807-8578,Morocco,4/23/1947
661,Nicolas,Huge,nhugeic@moonfruit.com,Male,294-814-8204,Jordan,11/22/1903
662,Sheba,Lewens,slewensid@360.cn,Female,609-311-1076,China,6/21/2001
663,Emmalynn,Levesque,elevesqueie@wikipedia.org,Female,101-308-3919,Poland,6/25/1902
664,Carlina,Manifield,cmanifieldif@blogs.com,Female,899-811-8709,Brazil,11/12/1924
665,Dulsea,Bruyet,dbruyetig@facebook.com,Female,100-761-5922,China,10/10/2011
666,Brian,Laudham,blaudhamih@squidoo.com,Male,424-425-4724,Lithuania,10/5/1947
667,Hi,O'Farrell,hofarrellii@zimbio.com,Male,239-306-9357,Poland,2/5/1940
668,Dicky,Madeley,dmadeleyij@ocn.ne.jp,Male,152-277-0853,Afghanistan,7/31/1985
669,Paige,Wherton,pwhertonik@guardian.co.uk,Female,633-165-3178,Sweden,10/21/1940
670,Kellen,Reaveley,kreaveleyil@hatena.ne.jp,Female,357-464-8462,Russia,4/1/1941
671,Eberhard,Funnell,efunnellim@businesswire.com,Male,869-803-7312,China,11/14/1990
672,Sherlocke,Mincher,smincherin@twitpic.com,Male,948-533-1631,China,2/9/1985
673,Randa,Bazoge,rbazogeio@1688.com,Female,910-339-9802,Somalia,5/15/1938
674,Trip,Kennerknecht,tkennerknechtip@liveinternet.ru,Male,498-214-6780,China,4/26/2006
675,Vanna,Emer,vemeriq@bizjournals.com,Female,693-731-1822,Indonesia,4/7/1950
676,Elinore,Ludgate,eludgateir@wufoo.com,Female,801-978-5710,Portugal,11/12/1947
677,Rogerio,Mercey,rmerceyis@unesco.org,Male,963-370-1185,Indonesia,11/17/1943
678,Pearla,Millom,pmillomit@un.org,Female,441-462-5666,Mozambique,8/30/1925
679,Saunderson,Bowle,sbowleiu@baidu.com,Male,976-140-0966,Albania,3/30/1937
680,Washington,Dunstall,wdunstalliv@studiopress.com,Male,198-544-8386,Philippines,12/27/1962
681,Audi,Selland,asellandiw@businessweek.com,Female,855-469-0676,Estonia,7/20/1931
682,Kirstin,McCaghan,kmccaghanix@is.gd,Female,288-560-7454,Indonesia,8/19/1950
683,Dare,Loomes,dloomesiy@naver.com,Male,737-772-0988,Russia,12/19/1961
684,Louisa,Bowsher,lbowsheriz@businessinsider.com,Female,961-848-7219,Paraguay,12/15/2004
685,Cookie,Everest,ceverestj0@admin.ch,Female,191-811-9445,Macedonia,5/3/2011
686,Bartram,Davidovicz,bdavidoviczj1@moonfruit.com,Male,269-327-8211,Colombia,11/19/1983
687,Celeste,Ivett,civettj2@nyu.edu,Female,129-422-2244,Iran,5/2/1923
688,Marcelia,Rabbitt,mrabbittj3@oracle.com,Female,376-620-4950,Philippines,5/6/1993
689,Rhonda,Breache,rbreachej4@twitpic.com,Female,911-335-4904,China,11/20/1951
690,Monah,Guilliland,mguillilandj5@shop-pro.jp,Female,500-904-2977,China,4/18/1936
691,Jana,McLaggan,jmclagganj6@tiny.cc,Female,630-577-2844,Brazil,6/7/1972
692,Ring,Dufaur,rdufaurj7@nih.gov,Male,922-134-1960,Switzerland,4/21/1910
693,Matty,Nutbrown,mnutbrownj8@cbsnews.com,Female,524-382-2166,Mexico,9/24/1980
694,Jobye,Berkeley,jberkeleyj9@fc2.com,Female,624-929-7847,Portugal,3/1/1921
695,Ronald,Klemt,rklemtja@newyorker.com,Male,843-451-0180,Peru,12/26/1947
696,Isador,Birdall,ibirdalljb@boston.com,Male,617-322-8995,Brazil,6/30/1901
697,Layney,Burge,lburgejc@samsung.com,Female,887-825-6212,Nigeria,6/25/2008
698,Aurore,Sterte,astertejd@hexun.com,Female,439-232-8204,Portugal,5/23/1956
699,Kelsey,Boxhall,kboxhallje@nps.gov,Male,310-671-9567,Indonesia,8/31/1919
700,Vasilis,Corson,vcorsonjf@mozilla.org,Male,785-988-6553,Germany,8/21/2018
701,Tildy,Titmuss,ttitmussjg@networksolutions.com,Female,460-757-7244,Indonesia,10/30/1962
702,Cherri,Dalinder,cdalinderjh@comsenz.com,Female,218-857-8464,Indonesia,11/14/2009
703,Baillie,Biset,bbisetji@privacy.gov.au,Male,340-291-0420,Germany,1/30/1938
704,Solly,Bartolomeo,sbartolomeojj@latimes.com,Male,770-732-4926,Sweden,5/7/1968
705,Inge,Melmoth,imelmothjk@mapy.cz,Female,192-610-6626,Thailand,9/26/2000
706,Janifer,Sugg,jsuggjl@seesaa.net,Female,767-609-6419,Ukraine,2/3/1915
707,Brew,Wellard,bwellardjm@tumblr.com,Male,701-628-4163,Dominican Republic,1/6/1981
708,Danny,Matussevich,dmatussevichjn@deviantart.com,Non-binary,706-115-9855,China,5/14/2003
709,Oren,Wimsett,owimsettjo@timesonline.co.uk,Male,142-525-6872,Portugal,10/25/1958
710,Valli,Dillet,vdilletjp@dailymail.co.uk,Female,301-992-4281,Indonesia,6/23/1998
711,Bryon,Sellor,bsellorjq@webnode.com,Male,912-229-0897,South Korea,5/14/1953
712,Gayle,O'Dougherty,godoughertyjr@artisteer.com,Male,601-368-4567,Guatemala,4/27/1983
713,Lannie,Busst,lbusstjs@dagondesign.com,Genderfluid,626-541-1327,Japan,11/16/1924
714,Evan,Kenlin,ekenlinjt@purevolume.com,Male,261-590-2221,China,7/20/1935
715,Virgil,Linney,vlinneyju@miitbeian.gov.cn,Male,389-123-2519,China,8/13/1964
716,Adair,Janiak,ajaniakjv@whitehouse.gov,Agender,960-264-1294,Yemen,9/4/1993
717,Bertram,Simakov,bsimakovjw@apple.com,Male,886-156-4436,China,10/13/2018
718,Karolina,Sandhill,ksandhilljx@bloomberg.com,Female,669-697-8175,China,9/5/1986
719,Cherin,Meriet,cmerietjy@walmart.com,Female,704-760-8116,Indonesia,12/14/1951
720,Anestassia,Currao,acurraojz@wufoo.com,Polygender,980-241-5442,Russia,12/4/1987
721,Kissie,Ridges,kridgesk0@abc.net.au,Genderqueer,153-261-3819,Brazil,5/24/1917
722,Isabeau,MacLardie,imaclardiek1@nhs.uk,Female,113-532-8194,Brazil,4/8/2016
723,Tadeo,Chetwind,tchetwindk2@wix.com,Male,406-576-5456,Philippines,9/17/1981
724,Garwood,Benger,gbengerk3@china.com.cn,Male,876-386-5263,Mexico,5/15/1991
725,Steffi,Ratnage,sratnagek4@comcast.net,Female,296-801-5367,Serbia,7/25/1960
726,Cece,Cicccitti,ccicccittik5@smh.com.au,Male,385-879-3611,Indonesia,11/9/1962
727,Josephina,Seif,jseifk6@jugem.jp,Female,145-911-5903,China,1/13/1963
728,Homer,Binning,hbinningk7@reference.com,Male,152-269-9402,Argentina,4/5/1996
729,Rochella,Maffia,rmaffiak8@telegraph.co.uk,Female,143-152-3230,Poland,5/24/1924
730,Corrianne,Buglass,cbuglassk9@skyrock.com,Female,228-479-2358,United States,11/4/1969
731,Cathrin,Jirusek,cjirusekka@nature.com,Female,801-788-4095,Bolivia,2/24/1972
732,Rori,Gadsden,rgadsdenkb@liveinternet.ru,Female,717-258-4952,Poland,12/7/1992
733,Richart,Logie,rlogiekc@hibu.com,Male,996-258-7562,Poland,5/27/1944
734,Rayner,Delgardillo,rdelgardillokd@shareasale.com,Male,808-449-9864,Ghana,10/7/1974
735,Phaidra,Linnett,plinnettke@dmoz.org,Genderqueer,921-744-2085,Haiti,5/18/1910
736,Felicity,Connell,fconnellkf@jigsy.com,Female,742-466-6696,China,3/30/1930
737,Blane,Goldingay,bgoldingaykg@prlog.org,Male,229-759-6559,Brazil,7/28/1912
738,Gibb,Tyzack,gtyzackkh@seesaa.net,Male,653-823-2396,China,2/7/1920
739,Hayward,Tolotti,htolottiki@go.com,Male,184-513-1231,Dominican Republic,3/30/1973
740,Lind,Pressey,lpresseykj@hud.gov,Female,851-440-8840,Poland,5/27/1901
741,Libbey,Hriinchenko,lhriinchenkokk@rediff.com,Female,267-652-0915,China,7/13/1908
742,Herb,Ranking,hrankingkl@berkeley.edu,Male,297-398-7753,Philippines,9/26/1960
743,Cirillo,Eddies,ceddieskm@seattletimes.com,Male,236-958-9076,Portugal,10/24/1933
744,Marketa,Boulton,mboultonkn@ycombinator.com,Female,333-571-0136,Japan,5/5/1931
745,Norman,Roadnight,nroadnightko@amazon.de,Genderqueer,262-270-6022,Indonesia,7/8/1932
746,Joyous,MacColgan,jmaccolgankp@vk.com,Female,992-315-6057,Colombia,3/7/2008
747,Liva,McGinty,lmcgintykq@ucsd.edu,Female,821-377-6793,Thailand,7/16/1976
748,Jo-anne,Macauley,jmacauleykr@oakley.com,Female,922-994-0199,Indonesia,7/28/1962
749,Kelcey,Maith,kmaithks@joomla.org,Female,301-720-7572,China,1/7/2006
750,Rutherford,Jolland,rjollandkt@wp.com,Male,295-995-4491,Philippines,11/18/1963
751,Humphrey,Cocking,hcockingku@prlog.org,Male,431-950-7156,Brazil,9/22/1931
752,Verna,Venmore,vvenmorekv@businessinsider.com,Female,310-998-0665,China,9/27/1938
753,Barbaraanne,Fenn,bfennkw@clickbank.net,Female,471-640-0928,Afghanistan,8/31/1971
754,Katleen,Jordison,kjordisonkx@princeton.edu,Female,155-621-2984,China,4/16/1968
755,Jourdain,Manuaud,jmanuaudky@vkontakte.ru,Non-binary,678-517-2601,China,4/24/1971
756,Jenica,Faulconer,jfaulconerkz@google.pl,Female,717-144-9353,Guatemala,1/23/1917
757,Pate,Erskin,perskinl0@mozilla.org,Male,549-177-2583,Gambia,6/17/1970
758,Ryley,Smewings,rsmewingsl1@economist.com,Male,285-183-1879,China,9/3/1933
759,Randa,Widd,rwiddl2@dailymail.co.uk,Female,921-579-7748,Philippines,6/19/2019
760,Octavia,Leinthall,oleinthalll3@1688.com,Female,471-732-0125,Democratic Republic of the Congo,3/16/1926
761,Daloris,Kollaschek,dkollaschekl4@ihg.com,Female,835-452-7136,Colombia,9/14/1942
762,Ransom,Beinke,rbeinkel5@craigslist.org,Male,345-521-4671,Brazil,12/26/1995
763,Marlo,Penticoot,mpenticootl6@yolasite.com,Female,588-893-0454,Peru,3/18/1916
764,Igor,Weepers,iweepersl7@google.com.au,Male,650-160-4271,Latvia,3/8/1968
765,Sabrina,Haskell,shaskelll8@devhub.com,Female,961-834-5931,Canada,5/23/1975
766,Alyss,Carlesso,acarlessol9@hp.com,Female,578-997-1715,Russia,2/12/1973
767,Maddi,Grenter,mgrenterla@typepad.com,Female,353-866-0252,Colombia,3/17/1985
768,Indira,Arkin,iarkinlb@google.fr,Female,245-763-8325,Armenia,7/24/1933
769,Benyamin,Jedrachowicz,bjedrachowiczlc@sphinn.com,Male,388-715-0352,Indonesia,12/4/2020
770,Sherie,Saddington,ssaddingtonld@istockphoto.com,Female,646-601-4502,Russia,5/16/1927
771,Christiana,Klassman,cklassmanle@wikispaces.com,Female,274-935-2049,Czech Republic,10/16/1976
772,Boycey,Dybell,bdybelllf@yahoo.com,Male,993-137-5704,Mexico,12/15/1950
773,Ripley,O'Lehane,rolehanelg@merriam-webster.com,Male,614-314-3352,Ukraine,10/19/1973
774,Constantina,Sapshed,csapshedlh@jimdo.com,Non-binary,633-299-5277,Mongolia,3/6/1934
775,Harriet,Northbridge,hnorthbridgeli@msn.com,Female,196-446-1257,Indonesia,1/18/1943
776,Mallory,Emeny,memenylj@sogou.com,Male,722-506-7360,Ukraine,7/2/1962
777,Lela,Atto,lattolk@blogtalkradio.com,Female,503-138-1251,Syria,1/7/1945
778,Gerta,Bosward,gboswardll@un.org,Female,964-949-0490,Russia,9/17/1917
779,Oralle,Springate,ospringatelm@slate.com,Female,825-216-5253,France,11/23/1964
780,Barri,Armsden,barmsdenln@engadget.com,Male,571-685-7673,Poland,5/1/1940
781,Jere,Cockney,jcockneylo@tinyurl.com,Female,988-545-9465,Vietnam,1/18/1991
782,Taylor,Belverstone,tbelverstonelp@soundcloud.com,Male,385-609-2600,China,2/15/1962
783,Humberto,Trehearne,htrehearnelq@google.com,Male,647-575-5167,Russia,10/27/1981
784,Conroy,Boraston,cborastonlr@cdbaby.com,Male,754-556-3524,China,10/12/1970
785,Sandy,Gibby,sgibbyls@shutterfly.com,Female,202-705-9078,Canada,10/13/1921
786,Brina,Mantha,bmanthalt@nbcnews.com,Female,883-408-6536,France,10/5/1963
787,Cathe,Decourcy,cdecourcylu@bbc.co.uk,Female,301-623-8448,Indonesia,9/10/2014
788,Maryanne,Scantlebury,mscantleburylv@devhub.com,Female,457-643-7717,China,2/17/1995
789,Terese,Gerlts,tgerltslw@cbc.ca,Female,818-582-0068,Indonesia,5/26/2000
790,Siusan,Alvarado,salvaradolx@nps.gov,Female,916-173-4664,Latvia,11/27/1910
791,Bunnie,Feehily,bfeehilyly@furl.net,Genderfluid,979-778-7081,Russia,4/16/1924
792,Kissie,Cantos,kcantoslz@example.com,Female,438-405-4690,New Zealand,1/18/1900
793,Jessalin,Seville,jsevillem0@google.de,Female,653-940-8021,Bulgaria,11/26/1997
794,Maryann,Yaakov,myaakovm1@sogou.com,Female,661-187-5469,China,5/1/2022
795,Kellsie,Beverstock,kbeverstockm2@51.la,Female,348-995-2564,Indonesia,3/11/1937
796,Darwin,Jedrzejczak,djedrzejczakm3@toplist.cz,Male,457-887-4679,Russia,6/30/2022
797,Angeline,Kubat,akubatm4@delicious.com,Female,682-619-1917,Brazil,4/24/1955
798,Georgie,Burdell,gburdellm5@mayoclinic.com,Male,237-127-8574,Indonesia,8/28/1906
799,Marlow,Gerner,mgernerm6@fema.gov,Male,187-537-2750,Finland,11/6/2007
800,Kelci,Brosnan,kbrosnanm7@craigslist.org,Female,196-819-7976,Indonesia,10/21/1905
801,Kermit,Di Dello,kdidellom8@deliciousdays.com,Male,804-479-5069,Lebanon,10/6/1920
802,Bertie,Gregine,bgreginem9@google.es,Non-binary,512-211-8288,Indonesia,9/25/1905
803,Beverie,Jeffs,bjeffsma@slideshare.net,Female,184-556-3512,China,11/1/2022
804,Brnaba,Slader,bsladermb@umich.edu,Male,293-278-1630,Yemen,4/17/1919
805,Lambert,Jahndel,ljahndelmc@so-net.ne.jp,Male,106-610-1450,Indonesia,8/6/1925
806,Caro,Sturdgess,csturdgessmd@statcounter.com,Non-binary,279-667-6290,Central African Republic,12/30/1937
807,Felipe,Churchin,fchurchinme@miibeian.gov.cn,Male,772-356-1725,China,4/19/1915
808,Annabel,Peckham,apeckhammf@google.ru,Female,781-185-7480,Russia,6/13/1967
809,Winna,Selland,wsellandmg@phpbb.com,Female,621-556-9508,Thailand,11/7/1947
810,Zabrina,Aindrais,zaindraismh@addthis.com,Female,202-796-3425,Thailand,10/23/1921
811,Eveline,Hallows,ehallowsmi@istockphoto.com,Female,130-248-2427,Uganda,4/16/2010
812,Florie,Attoe,fattoemj@mapquest.com,Female,755-357-0342,Brazil,6/22/1959
813,Dareen,Ravenscraft,dravenscraftmk@arstechnica.com,Female,631-338-6397,China,4/25/1982
814,Ammamaria,Crutch,acrutchml@youtu.be,Female,370-691-9939,France,12/11/1940
815,Alden,Larmuth,alarmuthmm@gnu.org,Polygender,841-233-1515,Japan,1/8/1913
816,Karina,Storey,kstoreymn@stanford.edu,Female,860-590-2735,Croatia,1/27/1908
817,Ossie,Poll,opollmo@pinterest.com,Male,530-921-3446,Russia,9/30/1926
818,Brinn,Musgrove,bmusgrovemp@wisc.edu,Non-binary,561-585-3280,Uganda,10/3/2012
819,Marika,Glew,mglewmq@oracle.com,Female,417-783-6594,Indonesia,3/12/1905
820,Federico,Baglan,fbaglanmr@bandcamp.com,Male,392-928-8549,Indonesia,4/18/1999
821,Ahmed,Ratlee,aratleems@opera.com,Male,677-833-4636,Greece,3/30/1912
822,Tad,Pirson,tpirsonmt@mit.edu,Male,322-440-5158,Liechtenstein,12/31/2012
823,Alvin,Filinkov,afilinkovmu@imdb.com,Male,242-152-0010,China,2/4/1983
824,Linc,Polglaze,lpolglazemv@addtoany.com,Male,739-438-7676,Indonesia,7/23/2008
825,Homer,Betonia,hbetoniamw@blogspot.com,Male,238-314-4882,Brazil,4/24/1968
826,Shayna,Berrick,sberrickmx@telegraph.co.uk,Female,756-399-3293,Djibouti,7/12/1947
827,Myrvyn,Gerrill,mgerrillmy@europa.eu,Genderfluid,553-827-1976,China,1/7/1993
828,Dionysus,Robuchon,drobuchonmz@google.com.hk,Male,558-795-0967,China,2/17/1949
829,Annabelle,Dominicacci,adominicaccin0@slashdot.org,Female,493-860-3250,Croatia,3/26/1992
830,Leoine,Poge,lpogen1@nyu.edu,Female,732-556-9406,Russia,8/30/1953
831,Jerry,Lamberti,jlambertin2@adobe.com,Female,873-374-9064,Kazakhstan,1/22/1900
832,Clemmie,Broadfoot,cbroadfootn3@tinyurl.com,Female,449-796-0623,Poland,7/14/1939
833,Haven,Losel,hloseln4@yahoo.com,Male,428-772-3590,Croatia,6/26/2019
834,Neill,Dooler,ndoolern5@sun.com,Male,366-117-2886,Argentina,4/5/1912
835,Stacy,Avieson,saviesonn6@japanpost.jp,Female,854-902-4190,Portugal,12/20/1971
836,Gabriel,Gouldbourn,ggouldbournn7@github.com,Female,919-762-0682,Japan,9/25/1991
837,Janaya,Simkin,jsimkinn8@whitehouse.gov,Female,306-106-9349,China,11/21/1987
838,Christin,Diego,cdiegon9@army.mil,Female,569-385-0899,Indonesia,12/7/1952
839,Lola,Colpus,lcolpusna@zdnet.com,Female,589-866-1633,France,7/10/1927
840,Josiah,Lennox,jlennoxnb@jalbum.net,Male,622-285-0113,Brazil,2/23/1917
841,Carolyne,Mendus,cmendusnc@house.gov,Genderfluid,400-425-1305,Russia,10/27/1943
842,Helena,Siddaley,hsiddaleynd@netvibes.com,Female,375-869-9890,Indonesia,8/23/2005
843,Hanna,Hutchence,hhutchencene@techcrunch.com,Female,467-531-6898,Angola,9/21/1902
844,Jefferey,Marner,jmarnernf@nature.com,Male,993-268-6064,South Africa,4/4/1951
845,Willdon,Haslen,whaslenng@privacy.gov.au,Male,702-496-7577,Bosnia and Herzegovina,10/25/1920
846,Gabey,Flanaghan,gflanaghannh@posterous.com,Female,684-792-6556,Indonesia,9/29/1916
847,Harriot,Bohje,hbohjeni@ox.ac.uk,Female,242-232-0822,Indonesia,9/30/1902
848,Bar,Yakovitch,byakovitchnj@timesonline.co.uk,Male,886-638-8505,Uganda,9/4/1989
849,Roderigo,Meale,rmealenk@ibm.com,Male,833-239-8475,Austria,2/6/1903
850,Arlinda,Dorey,adoreynl@npr.org,Female,218-615-3439,Palestinian Territory,9/11/1960
851,Happy,Grimsdith,hgrimsdithnm@ezinearticles.com,Female,137-288-0852,Philippines,11/9/2019
852,Heath,Grastye,hgrastyenn@hostgator.com,Male,853-734-0291,China,8/18/1900
853,Brannon,Goslin,bgoslinno@a8.net,Male,405-302-5099,Peru,12/2/1977
854,Lishe,Comar,lcomarnp@ox.ac.uk,Genderqueer,264-865-1914,Indonesia,12/11/1932
855,Hedy,Brandom,hbrandomnq@squidoo.com,Female,355-758-8854,France,1/3/1925
856,Judon,Fritschmann,jfritschmannnr@vinaora.com,Male,231-439-9646,Philippines,12/31/1951
857,Walker,Mancer,wmancerns@latimes.com,Male,381-270-6246,Bosnia and Herzegovina,5/31/2016
858,Rancell,Malden,rmaldennt@cbsnews.com,Male,563-720-7130,Germany,9/11/2005
859,Corty,Rydings,crydingsnu@multiply.com,Male,933-677-6841,China,8/4/1917
860,Dorine,Tasker,dtaskernv@amazon.com,Female,385-139-6682,Sweden,10/28/1996
861,Jeni,Dahlback,jdahlbacknw@marketwatch.com,Female,553-313-6800,Russia,1/20/1930
862,Francoise,Dutteridge,fdutteridgenx@hhs.gov,Female,746-959-5554,Philippines,11/17/1921
863,Alyce,Kobke,akobkeny@addthis.com,Female,763-890-7970,Brazil,2/10/1994
864,Mayer,Dunbavin,mdunbavinnz@godaddy.com,Male,205-555-9854,Micronesia,11/2/1935
865,Casey,Sergeaunt,csergeaunto0@wordpress.org,Male,430-912-8414,Philippines,3/25/2016
866,Drucill,Gaber,dgabero1@indiatimes.com,Female,733-449-8561,Panama,10/4/2010
867,Cyndie,Maggill'Andreis,cmaggillandreiso2@netscape.com,Female,556-979-8005,China,5/17/1944
868,Darn,Killshaw,dkillshawo3@angelfire.com,Male,712-760-1248,Sweden,10/23/1943
869,Larine,Morritt,lmorritto4@alexa.com,Female,993-652-0967,Macedonia,11/11/1953
870,Rriocard,Kiddle,rkiddleo5@sakura.ne.jp,Male,117-261-9569,Russia,6/16/1965
871,Richmound,Grinsdale,rgrinsdaleo6@infoseek.co.jp,Male,569-275-5138,Vietnam,7/27/1965
872,Justus,Brixham,jbrixhamo7@google.com.hk,Male,936-650-4863,Japan,4/12/1985
873,Borg,Larmuth,blarmutho8@biblegateway.com,Male,529-987-3318,Nigeria,10/28/1954
874,Angelle,Swyn,aswyno9@printfriendly.com,Female,891-290-6758,France,3/16/1927
875,Gilly,Ockland,gocklandoa@blogs.com,Female,574-393-2521,Thailand,11/25/2006
876,Malachi,Columbell,mcolumbellob@indiegogo.com,Male,119-315-9880,China,3/5/1923
877,Raoul,Sappy,rsappyoc@odnoklassniki.ru,Male,736-348-0575,China,11/17/1938
878,Kendell,Smithers,ksmithersod@smh.com.au,Male,930-372-2080,Indonesia,6/7/1978
879,Crin,Di Baudi,cdibaudioe@time.com,Female,994-512-1884,Serbia,8/23/1936
880,Daniella,Kraut,dkrautof@globo.com,Female,959-638-7826,France,3/12/1957
881,Carlyle,Kingerby,ckingerbyog@pagesperso-orange.fr,Male,225-553-2846,Serbia,1/17/1986
882,Warren,Darcey,wdarceyoh@youtu.be,Male,660-818-3022,Australia,7/17/1967
883,Jourdan,Conman,jconmanoi@uiuc.edu,Female,234-100-9767,Guatemala,5/15/1961
884,Grace,Bedlington,gbedlingtonoj@java.com,Male,599-258-2878,Mexico,10/21/1985
885,Boris,Muddimer,bmuddimerok@google.com.br,Male,334-154-7733,Nigeria,1/3/1913
886,Si,Spenton,sspentonol@linkedin.com,Male,219-870-1342,Philippines,5/21/1961
887,Hyatt,Maplestone,hmaplestoneom@goo.ne.jp,Male,955-277-8545,Brazil,1/3/1915
888,Cosmo,Glasscoo,cglasscooon@examiner.com,Male,520-293-7275,Indonesia,10/6/1910
889,Evie,Whitelock,ewhitelockoo@elpais.com,Female,306-726-6527,Belize,11/8/1994
890,Cacilie,Houndsom,choundsomop@cnn.com,Female,542-501-6472,Albania,1/25/1936
891,Kassey,Soaper,ksoaperoq@fastcompany.com,Female,448-124-4354,China,1/9/1960
892,Danielle,Aberchirder,daberchirderor@behance.net,Female,511-481-8078,Indonesia,6/9/1980
893,Maury,Videler,mvideleros@so-net.ne.jp,Male,760-632-9036,Greece,5/24/1962
894,Lorraine,Joiner,ljoinerot@elegantthemes.com,Female,776-588-0668,Greece,10/3/1900
895,Frieda,Gravenall,fgravenallou@livejournal.com,Female,540-107-9529,Czech Republic,9/23/1932
896,Murielle,Fantini,mfantiniov@slate.com,Female,733-716-9442,Ukraine,1/6/1907
897,Saul,Johananoff,sjohananoffow@sohu.com,Male,404-983-9360,Poland,1/28/1915
898,Ara,Whifen,awhifenox@gizmodo.com,Female,318-398-0819,Brazil,6/22/1999
899,Hailee,Yegorovnin,hyegorovninoy@cisco.com,Female,278-724-3664,Brazil,4/20/2000
900,Temple,Barbrook,tbarbrookoz@vinaora.com,Genderfluid,875-868-9674,China,11/10/1963
901,Henri,Jinks,hjinksp0@newsvine.com,Male,152-454-5124,China,11/3/2008
902,Yale,Boyen,yboyenp1@arstechnica.com,Male,699-158-2262,Argentina,8/1/1916
903,Sharona,Pelzer,spelzerp2@opera.com,Female,570-981-0926,Netherlands,2/20/1974
904,Sidnee,Claiden,sclaidenp3@chicagotribune.com,Male,207-471-3938,Philippines,4/17/1981
905,Agosto,Ledwidge,aledwidgep4@google.fr,Male,221-419-3311,China,3/22/1910
906,Tani,Gladdis,tgladdisp5@jiathis.com,Agender,522-519-0563,Armenia,2/2/1982
907,Marie,Oliff,moliffp6@gizmodo.com,Female,583-872-7864,Thailand,8/20/1966
908,Colet,O'Moylane,comoylanep7@miitbeian.gov.cn,Male,786-901-3358,Philippines,10/6/1921
909,Ole,Wilks,owilksp8@irs.gov,Male,949-704-0949,Japan,6/20/1993
910,Giacopo,Jaynes,gjaynesp9@technorati.com,Male,673-149-0540,Taiwan,7/10/1922
911,Nerta,Robinson,nrobinsonpa@nhs.uk,Female,498-733-1920,Indonesia,7/16/2008
912,Bastien,Gaukrodge,bgaukrodgepb@ameblo.jp,Male,314-372-1029,United States,9/22/1963
913,Lissy,Robelet,lrobeletpc@mtv.com,Female,775-845-2335,Russia,9/8/1906
914,Hamid,Rubee,hrubeepd@sogou.com,Male,797-982-2225,Thailand,4/6/1907
915,Almeda,Muir,amuirpe@jiathis.com,Female,862-879-1858,Mauritius,10/10/1985
916,Cordie,Bennetto,cbennettopf@hao123.com,Male,362-596-6088,China,5/16/1975
917,Abram,D'Abbot-Doyle,adabbotdoylepg@lulu.com,Male,155-510-7454,China,8/26/1945
918,Dilan,Earthfield,dearthfieldph@aboutads.info,Male,758-439-1927,Indonesia,8/5/1912
919,Marrissa,Minor,mminorpi@berkeley.edu,Female,944-623-0613,China,9/13/1988
920,Kiah,Jenkison,kjenkisonpj@vk.com,Female,299-475-5527,China,10/31/1973
921,Kacie,Campion,kcampionpk@wordpress.org,Female,687-979-9709,China,2/4/1915
922,Ines,Haughey,ihaugheypl@google.com.au,Female,189-649-1589,China,5/21/1911
923,Jdavie,Mazillius,jmazilliuspm@unc.edu,Male,643-895-7466,Ukraine,3/28/1984
924,Kerry,Umbers,kumberspn@go.com,Male,540-516-5705,Indonesia,11/6/1970
925,Mathew,Kenright,mkenrightpo@rakuten.co.jp,Male,108-774-6058,Luxembourg,7/16/1959
926,Katie,Ryles,krylespp@issuu.com,Female,457-382-7998,Ukraine,6/19/1987
927,Roseanne,de Merida,rdemeridapq@edublogs.org,Female,944-802-6967,China,10/28/1946
928,Caitrin,Muddicliffe,cmuddicliffepr@slashdot.org,Female,127-416-4911,Russia,3/20/1959
929,Bruno,Divell,bdivellps@engadget.com,Male,682-482-3212,United States,6/14/2020
930,Carina,Chisnall,cchisnallpt@yahoo.com,Female,809-230-2263,Russia,8/26/1961
931,Frayda,Van Driel,fvandrielpu@blinklist.com,Female,985-471-4730,France,6/14/1905
932,Sibyl,Crumbleholme,scrumbleholmepv@altervista.org,Female,317-978-4895,China,12/21/1924
933,Aubry,Orford,aorfordpw@cpanel.net,Female,397-325-4442,Portugal,11/18/1940
934,Gannon,Sprulls,gsprullspx@stanford.edu,Male,471-541-5714,South Korea,10/1/1976
935,Gina,McMeekin,gmcmeekinpy@deliciousdays.com,Female,881-428-0246,Denmark,9/28/1978
936,Sarine,Stone,sstonepz@sciencedirect.com,Female,478-441-0455,United States,3/5/1981
937,Alexandr,Espadate,aespadateq0@nationalgeographic.com,Male,809-724-0894,France,8/14/2005
938,Ediva,Bowman,ebowmanq1@drupal.org,Female,205-752-9892,Indonesia,9/30/1922
939,Davine,Brogden,dbrogdenq2@salon.com,Female,146-335-7283,Thailand,12/19/1951
940,Holly,Bichard,hbichardq3@comsenz.com,Female,361-362-9300,Portugal,8/25/1919
941,Emmalyn,Eddisford,eeddisfordq4@businessinsider.com,Bigender,233-423-1958,Ecuador,2/17/1936
942,Tybie,Rowcastle,trowcastleq5@princeton.edu,Female,958-496-7613,Colombia,5/3/1997
943,Daron,Bennedick,dbennedickq6@nifty.com,Female,716-153-8812,Canada,8/8/1930
944,Phillipe,Jelley,pjelleyq7@disqus.com,Male,456-246-6223,Indonesia,11/17/1948
945,Danika,Slorance,dsloranceq8@nps.gov,Female,894-571-9471,Indonesia,4/9/1958
946,Urbanus,Giacobini,ugiacobiniq9@ameblo.jp,Male,200-679-1255,Brazil,10/23/1969
947,Joellyn,Dobel,jdobelqa@nhs.uk,Female,990-324-2968,Brazil,11/8/1954
948,Hoyt,Hadingham,hhadinghamqb@cyberchimps.com,Male,284-831-2210,Mexico,3/23/1950
949,Jolyn,Scotchmoor,jscotchmoorqc@spiegel.de,Female,904-327-9057,China,7/20/1948
950,Alexandra,Bugbee,abugbeeqd@patch.com,Female,615-734-5011,China,5/26/1959
951,Ezechiel,Heffy,eheffyqe@php.net,Male,480-437-4235,Philippines,1/26/1991
952,Leonore,Yeardsley,lyeardsleyqf@yelp.com,Female,750-878-4193,Sweden,2/18/1973
953,Fanny,Carling,fcarlingqg@usgs.gov,Genderfluid,847-257-1352,Indonesia,10/5/2008
954,Janith,Bengochea,jbengocheaqh@acquirethisname.com,Female,305-217-2407,Tanzania,12/14/2006
955,Ashely,Lodo,alodoqi@tuttocitta.it,Female,843-206-1312,Syria,4/20/1970
956,Haily,Budget,hbudgetqj@kickstarter.com,Female,887-992-7928,Argentina,6/18/2017
957,Magdaia,Germaine,mgermaineqk@barnesandnoble.com,Female,590-304-8287,China,1/17/1956
958,Chandra,Cronchey,ccroncheyql@cargocollective.com,Female,738-253-6072,Indonesia,1/30/1946
959,Alwin,Shalcros,ashalcrosqm@spiegel.de,Male,988-944-0283,Indonesia,8/16/2017
960,Sarah,Cunnow,scunnowqn@fc2.com,Female,264-962-9893,Greece,1/27/1962
961,Coraline,Hatzar,chatzarqo@columbia.edu,Female,332-489-1081,Armenia,3/6/1914
962,Anastasia,Blindermann,ablindermannqp@cloudflare.com,Female,500-564-3039,Laos,12/22/1973
963,Germain,Benoiton,gbenoitonqq@rambler.ru,Female,978-825-8622,Poland,1/9/1935
964,Lindsay,Ingman,lingmanqr@tmall.com,Non-binary,385-491-9106,Russia,9/4/1990
965,Corabel,Hotchkin,chotchkinqs@bandcamp.com,Female,323-812-6453,China,5/29/2019
966,Ailbert,Greydon,agreydonqt@usa.gov,Male,598-364-7921,Russia,11/8/1945
967,Yolanthe,Smouten,ysmoutenqu@feedburner.com,Female,222-155-2536,Thailand,9/26/1960
968,Ambrosio,Ucceli,aucceliqv@mysql.com,Male,675-410-6239,Indonesia,2/25/2013
969,Cord,Simeoli,csimeoliqw@narod.ru,Male,924-574-6069,Greece,7/16/2009
970,Gerome,Beche,gbecheqx@merriam-webster.com,Male,493-746-6901,Dominican Republic,1/18/1964
971,Lida,Blanche,lblancheqy@wix.com,Female,357-265-2196,Philippines,10/8/1976
972,Ruttger,Borne,rborneqz@fc2.com,Male,114-998-0596,Denmark,11/20/1973
973,Gram,Shoard,gshoardr0@is.gd,Male,526-838-8764,China,10/12/1992
974,Alexis,Fessby,afessbyr1@ycombinator.com,Male,977-914-1239,Indonesia,9/22/2011
975,Donal,Boothroyd,dboothroydr2@marriott.com,Male,531-698-3716,Pakistan,3/6/1958
976,Elysee,Semble,esembler3@hao123.com,Female,188-341-8254,Thailand,5/4/1911
977,Lolita,Laffling,llafflingr4@comsenz.com,Female,635-765-6994,Brazil,2/24/1929
978,Harp,Delbergue,hdelberguer5@noaa.gov,Male,983-540-1648,Bosnia and Herzegovina,8/17/2020
979,Ky,Naisbitt,knaisbittr6@mlb.com,Male,286-239-0503,China,1/10/1916
980,Nicola,Anselmi,nanselmir7@mozilla.com,Female,742-295-5327,Indonesia,3/2/2022
981,Gerrie,Immings,gimmingsr8@hostgator.com,Female,857-204-0370,China,11/29/2018
982,Abie,Potteril,apotterilr9@arizona.edu,Male,354-605-9961,China,1/27/1914
983,Griff,Ogelsby,gogelsbyra@reddit.com,Male,624-680-6054,Japan,2/23/1980
984,Paquito,Elwel,pelwelrb@eepurl.com,Male,815-570-8715,United States,6/30/2009
985,Halimeda,Thombleson,hthomblesonrc@businessweek.com,Female,463-224-5367,Honduras,3/8/1940
986,Merralee,Macken,mmackenrd@edublogs.org,Female,616-765-3590,Pakistan,3/25/1903
987,Moira,Todman,mtodmanre@theatlantic.com,Agender,551-661-7656,Poland,12/24/2020
988,Monti,Goshawk,mgoshawkrf@uol.com.br,Male,262-691-7998,China,2/26/1935
989,Mervin,Bounds,mboundsrg@samsung.com,Male,896-995-0779,France,8/31/2020
990,Foster,Balaisot,fbalaisotrh@google.nl,Male,826-839-9645,Nigeria,5/22/2002
991,Torin,Prater,tpraterri@irs.gov,Agender,181-623-4710,Mexico,11/16/2001
992,Ivan,Pacitti,ipacittirj@mediafire.com,Male,660-941-0947,Ukraine,3/6/2015
993,Obadias,Cherryman,ocherrymanrk@usatoday.com,Male,677-945-3245,China,3/15/1999
994,Steward,Maun,smaunrl@hostgator.com,Male,593-604-7699,Botswana,11/29/1908
995,Wynn,Longhorne,wlonghornerm@tumblr.com,Polygender,100-948-0818,Russia,7/16/1950
996,Alf,Viccars,aviccarsrn@shop-pro.jp,Male,997-443-8311,Lebanon,4/13/1906
997,Dede,Terris,dterrisro@moonfruit.com,Female,896-869-8842,China,1/30/1985
998,Yelena,Bernadot,ybernadotrp@marriott.com,Female,316-795-9285,Canada,2/7/1920
999,Karoly,Green,kgreenrq@miitbeian.gov.cn,Female,745-782-2581,China,7/18/2019
1000,Natividad,Mc Curlye,nmccurlyerr@cbslocal.com,Female,627-495-7754,Philippines,1/19/1910
